:020000041000EA
:1000000000B5324B212058609868022188439860DF
:10001000D860186158612E4B002199600221596106
:100020000121F02299502B49196001219960352056
:1000300000F044F80222904214D00621196600F024
:1000400034F8196E01211966002018661A6600F04E
:100050002CF8196E196E196E052000F02FF8012189
:100060000842F9D1002199601B49196000215960AB
:100070001A491B48016001219960EB211966A021F2
:10008000196600F012F800219960164914480160C1
:100090000121996001BC002800D000471248134993
:1000A000086003C880F30888084703B5996A0420EC
:1000B0000142FBD001200142F8D103BD02B5186610
:1000C0001866FFF7F2FF186E186E02BD00000240BE
:1000D000000000180000070000035F00212200005C
:1000E000F4000018222000A00001001008ED00E03C
:1000F00000000000000000000000000074B24E7A12
:1001000000200420F7010010CB010010CD010010E9
:10011000C9010010C9010010C9010010C901001077
:10012000C9010010C9010010C9010010CF01001061
:10013000C9010010C9010010D1010010D301001045
:10014000C1010010C1010010C1010010C101001067
:10015000C1010010C1010010C1010010C101001057
:10016000C1010010C1010010C1010010C101001047
:10017000C1010010C1010010C1010010C101001037
:10018000C1010010C1010010C1010010C101001027
:10019000C1010010C1010010C1010010C101001017
:1001A000C1010010C1010010C1010010C101001007
:1001B000C1010010C1010010C1010010C1010010F7
:1001C000EFF30580103800BE00BE00BE00BE00BECA
:1001D00000BE00BEF2EB887190020010B402001065
:1001E0003802001090A31AE721482249086006C887
:1001F00081F30888104720480068002801D01C4877
:10020000F3E70DA40ECC002902D000F012F8F9E7B4
:100210001A491B4A002000E001C19142FCD1194952
:100220008847194988471949884700BEFDE701C931
:1002300001C29A42FBD37047B4020010C0000020F4
:10024000CC000120C0020110D0000120D02D0120DF
:10025000C02F01100000042000000420C02F011056
:10026000001004200010042000000000704700006F
:100270000000000008ED00E0000000D0D02D0120BB
:10028000D44D0120D5A10020AD7A0020CDA10020C1
:100290005C2501206825012074250120802501208E
:1002A0008C25012098250120A4250120E826012085
:0402B000DC26012027
:1002B400F8B5C04606480749091A8B10C90FC91872
:1002C40010B5491003D0044B002B00D0984710BD43
:1002D400D02D0120D02D012000000000054B10B5C9
:1002E400002B03D00449054800E000BFFFF7E2FFFC
:1002F40010BDC046000000008C4D0120CC00012040
:10030400A423082170B5FF24124A1348D150134A7C
:100314000168136815685B1AA343491BC918016077
:100324000F481B0A01681B044B401B0C0D490E4E61
:100334001B040B603568536852685B1BA343AD1AFA
:10034400ED18356002681B021B0C53401B041B0C88
:100354000B6070BD00000540F83C0120F826012028
:100364004800054048100540FC3C0120F0B55023EE
:1003740087B017266A460405240F1C436E44AF3326
:1003840093750D00307009F0A7F800231A4A1B4F2B
:1003940012184B41002B02DA0122194B52420292ED
:1003A40003930023320000932100380001330FF03F
:1003B400C3F900281ADD09F08FF800230E4A8018CB
:1003C4005941002902DA01200D4940420023162236
:1003D4000290039100932100380001336A440FF026
:1003E400CFF9002802DD6B46987D02E0012300204E
:1003F4002B7007B0F0BDC04610270000182801205C
:10040400FFFFFF7F10B5024B186810F057F810BDBE
:10041400D03C012070B5D02501220021072008F02E
:100424002FF801220021062008F02AF801220021D9
:1004340005202D0608F024F80120002108F0A8FE6C
:100444006A686C686B6864069B06E40FDB0F1B012B
:10045400A4001C431306DB0F0022012107201C43C8
:1004640008F00EF800220121062008F009F8002205
:100474000121052008F004F80120002108F088FE7D
:1004840069686A6809066B68C90F5206490064B254
:10049400D20F9B060C43D200DB0F5B010021072027
:1004A400144301221C4307F0EBFF01220021062024
:1004B40007F0E6FF64B201220021052007F0E0FF07
:1004C4002A2C05D0302C03D0FF200C2C00D070BD7A
:1004D400E0B2FCE7F0B54E46DE465746454603001B
:1004E4008C46E0B5634424331B7885B0994601906B
:1004F4000291002B00D138E280468B0003936344C1
:100504001B019844444600202C34205609F008FE70
:10051400E94909F0CEFD4446071CA06A09F000FE33
:1005240000218246381C09F0ADFD0021041C504610
:1005340009F0A8FD391C051C381C09F0BAFD00217E
:1005440009F0A0FD391C061C504609F0B2FD00213B
:1005540009F098FD4A46071C012A00D1A6E142464B
:1005640000203432105609F0DBFDD34909F0A1FD17
:1005740042468246106B09F0D3FD51468346201C47
:1005840009F080FD5946041C281C09F07BFD5146E6
:10059400051C504609F08DFD011C301C09F072FD4C
:1005A4005146061C584609F084FD011C381C09F00C
:1005B40069FD4A46071C022A00D177E14246002021
:1005C4003C32105609F0ACFDBB4909F072FD4246BD
:1005D4008246906B09F0A4FD51468346201C09F025
:1005E40051FD5946041C281C09F04CFD5146051CBC
:1005F400504609F05EFD011C301C09F043FD5146D4
:10060400061C584609F055FD011C381C09F03AFD3A
:100614004A46071C032A00D148E1424600204432DE
:10062400105609F07DFDA44909F043FD4246824677
:10063400106C09F075FD51468346201C09F022FD1B
:100644005946041C281C09F01DFD5146051C504642
:1006540009F02FFD011C301C09F014FD5946061C3D
:10066400504609F026FD011C381C09F00BFD4A46D2
:10067400071C042A00D119E1424600204C321056CE
:1006840009F04EFD8C4909F014FD42468246906CF7
:1006940009F046FD51468346201C09F0F3FC5946F7
:1006A400041C281C09F0EEFC5146051C504609F0B8
:1006B40000FD011C301C09F0E5FC5946061C50469F
:1006C40009F0F7FC011C381C09F0DCFC4A46071C45
:1006D400052A00D1EAE054234246D05609F020FD11
:1006E400754909F0E6FC42468246106D09F018FD92
:1006F40051468346201C09F0C5FC5946041C281C9D
:1007040009F0C0FC5146051C504609F0D2FC011CFE
:10071400301C09F0B7FC5946061C504609F0C9FCC8
:10072400011C381C09F0AEFC4A46071C062A00D1FD
:10073400BCE0424600205C32105609F0F1FC5E49F0
:1007440009F0B7FC42468246906D09F0E9FC514637
:100754008346201C09F096FC5946041C281C09F009
:1007640091FC5146051C504609F0A3FC011C301CA9
:1007740009F088FC5946061C504609F09AFC011CF5
:10078400381C09F07FFC4A46071C072A00D18DE07B
:10079400424600206432105609F0C2FC464909F072
:1007A40088FC42468246106E09F0BAFC51468346E4
:1007B400201C09F067FC5946041C281C09F062FC43
:1007C4005146051C504609F074FC011C301C09F00C
:1007D40059FC5946061C504609F06BFC011C381C98
:1007E40009F050FC4A46071C082A5FD04246002004
:1007F4006C32105609F094FC2F4909F05AFC424619
:100804008246906E09F08CFC51468046201C09F00B
:1008140039FC4146041C281C09F034FC5146051CD3
:10082400504609F046FC011C301C09F02BFC4146E3
:10083400061C504609F03DFC011C381C09F022FC42
:100844004A46071C092A31D00298019A84469046E8
:10085400039B742063441B0198444346185609F0D3
:100864005FFC154909F025FC43468246186F09F0E0
:1008740057FC51468046201C09F004FC4146041CE8
:10088400281C09F0FFFB5146051C504609F011FCD9
:10089400011C301C09F0F6FB4146061C504609F0C9
:1008A40008FC011C381C09F0EDFB071C211C201C52
:1008B40009F0FFFB804601E0CDCCCC3D484609F071
:1008C4002FFC311C814609F0F4FB414609F0D7FBAB
:1008D4000021061C09F01CFC002842D1391C4846A2
:1008E40009F0E7FB291C071C201C09F0E2FB011C92
:1008F400381C09F0C4FB311C09F0C7FB1E49071C56
:1009040009F0D7FBFC21890509F0BCFB09F02AFC9E
:100914008046029B211C1E01019B381C9C46664498
:100924003300C8331F6009F0C4FB011C281C09F004
:10093400A6FB494609F0A9FB3300CC3342461860B4
:10094400FC21D0238905F25009F09CFB09F00AFC34
:10095400D423F05005B0F0BCBB46B246A946A0462D
:10096400F0BD002300279846D3E7002398461F1CB8
:100974001E1C1D1C1C1CA1E7ABAAAA3F0323F0B537
:1009840057469A46DE464E4645465146E0B5213323
:100994009FB0C154C83399464946C03BC1544C4BDF
:1009A400002483629846342314268346494F4A4DD3
:1009B400C454083307630021C65485630490FFF7C9
:1009C40089FD5A4625235146D15449465733D154BB
:1009D400434693678423D454043BD7500C33D654F2
:1009E400043B1000D550EB39FFF774FD02AA02ABAB
:1009F40094465C751523634419000020FFF7B6FC88
:100A040002AA944615236344040019000120FFF749
:100A1400ADFC324B240204439C4200D08DE102A978
:100A24008C461622624493461722624490462C4A0E
:100A340008AB9246FF221D00002491460027294E50
:100A440005931BE008F048FD80197941002902DA7A
:100A540001202549404200230290039100935A4605
:100A64005021504601330EF08BFE002820DD5B46FA
:100A74001B7801342B700135582C22D05B464A4632
:100A84001A7043461C7008F027FD8019794100292B
:100A940002DA01201449404200230290039100939A
:100AA40042465021504601330EF046FE0028C9DC70
:100AB400012302AA5375002301342B700135582CED
:100AC400DCD108AC059B0949094856343AE0C046D4
:100AD400344E050050FC030040A90200D107000079
:100AE4001828012010270000FFFFFF7FFFFF0000F0
:100AF4002110000049008AB209B200292EDB5200FD
:100B040091B212B2002A2FDB49008AB209B200293D
:100B140030DB520091B212B2002A31DB49008AB2B2
:100B240009B2002932DB520095B212B2002A33DB3B
:100B34006D00A9B22DB2002D34DB4900013389B216
:100B44009C4235D01A78120251400AB2002AD1DAF6
:100B54005200424011B292B20029D0DA4900414019
:100B64000AB289B2002ACFDA5200424011B292B2DC
:100B74000029CEDA490041400AB289B2002ACDDA0E
:100B84005200424011B292B20029CCDA4D004540E5
:100B94002AB2ADB2002ACBDA510041400DB289B27B
:100BA400002DCADA6D0045400133A9B29C42C9D177
:100BB4001820562302AA1218D35A5BBA9BB28B424E
:100BC40000D0BAE024229446049B00271D0063440D
:100BD40098462423994609AC283511AE4246237819
:100BE400D355002B00D19AE0A278E17812060904CB
:100BF4000A4361790A43217909020A4361782A6028
:100C04002971012B00D18AE0E279217A12060904C4
:100C14000A43A17A0A43617A09020A43A179AA60C4
:100C24002973022B7BD0227B617B120609040A43C1
:100C3400E17B0A43A17B09020A43E17A2A6129750F
:100C4400032B6CD0627CA17C120609040A43217D2B
:100C54000A43E17C09020A43217CAA612977042B17
:100C64005DD04846A27DE17D120609040A43617EF7
:100C74000A43217E09020A43617D29542A62052B15
:100C84004DD0E27E217F120609040A43A17FA07E93
:100C94000A43617F09020A432C216854AA62062B85
:100CA4003DD032787178120609040A43F178E07F66
:100CB4000A43B17809020A43342168542A63072B92
:100CC4002DD07279B179120609040A43317A307948
:100CD4000A43F17909020A433C216854AA63082BA8
:100CE4001DD0B27AF17A120609040A43717B707A34
:100CF4000A43317B09020A43442168542A64092BBC
:100D04000DD0F37B327C1B0612041343B27CB17BFF
:100D14001343727C120213434C22A954AB6439006E
:100D24000498FFF7D7FB7B1C29340127503529365B
:100D3400022B00D052E7002000E001201FB0F0BCDD
:100D4400BB46B246A946A046F0BDC046F0B5D6465D
:100D54004F4646460025C0B50700F04B10220360FD
:100D640000210561C560856045600562C5618561D6
:100D74004561F83009F0DAFA842338005B00FD524B
:100D84000D30023308220021FD52FF3009F0CEFA63
:100D940080238A221B015200BB520232BB5238000C
:100DA4008C2300245B001D30FC540021FE3AFF30EC
:100DB40009F0BCFA3800353006220021FF3009F072
:100DC400B5FAB5235B00FC543E230822FF33FC54E0
:100DD400D34B01261A60E022D24BD2011B68134088
:100DE400D14A13609D235B00FC54063BFC5436231C
:100DF400FF33FC540133FC543823FF33FC540133D8
:100E0400FC543A23FF33FC54C84CA31D9946C84BE9
:100E14009846237804219A46180007F017FB534696
:100E24000421581C07F012FB534652465B081F2A44
:100E340000D9ADE107221A4093009B18BD49BE4A70
:100E44009B009A18591815600D60BC4959180D601B
:100E5400BB498C46414663441960102353601660B5
:100E64002378013359081F2B00DD8DE107220A4046
:100E740093009B18AF49B04A9B009A185918156003
:100E84000D60AE4959180D60AD498C464146634426
:100E9400196010235360166023785A081F2B00D959
:100EA4006EE1072111408A005218A449920051189A
:100EB400096840468C463100194049424140604629
:100EC4000140A04801338446624411605A081F2B34
:100ED40000DD1FE10721114040468A00521897495E
:100EE40092005118334009685B4243400B409549D6
:100EF40002348C4662441360A1458AD10EF03AF95B
:100F04001F211B2007F0A2FA002200211B2007F05A
:100F1400B7FA00211B2007F0C7FA1F211A2007F097
:100F240095FA002200211A2007F0AAFA00211A20BB
:100F340007F0BAFA1F211C2007F088FA00220021CA
:100F44001C2007F09DFA00211C2007F0ADFA1F2198
:100F54001D2007F07BFA002200211D2007F090FAE3
:100F640000211D2007F0A0FA182007F0B1FA19207B
:100F740007F0AEFAD024802324065B046362802346
:100F84009B046362082007F0A3FA80235B0063627A
:100F94000920636107F09CFA80239B0063620220AE
:100FA400636107F095FA04230022A3620121022061
:100FB40007F066FA032007F08BFA0823624DA36258
:100FC40000220121032007F05BFA28005F490EF09C
:100FD40031F90222904641466B68122013405C4A64
:100FE40011600F22296810255140C0320A40594926
:100FF4000A60594A0121136007F028FA01211320DD
:1010040007F024FA0121152007F020FA0421172003
:1010140007F01CFA0421162007F018FA0022464BA8
:101024004E49DA635A649A64D9641D64DE63DA63F0
:101034005A649A64D9641D64DE63FA2348499B04A4
:101044000A68072053401B0C464A1B041360FA230A
:1010540009689B004B401B041B0C136007F038FA13
:10106400062007F035FA052007F032FA8023A36240
:10107400403BA362203BA362142007F029FA00221C
:101084000021142007F0FCF9042007F021FA65621E
:101094003549A56135480EF027FB0321102007F0E0
:1010A400D5F90321112007F0D1F9002007F010FA37
:1010B4006662012007F00CFA434638006362FFF7CA
:1010C400A9F9F023F8543800FFF758FC9F23464051
:1010D40001205B003040F854563B9846B8444046E3
:1010E40009F0D4FA14264346214C224D1868596855
:1010F400214A224B08F0A6FF013E00196941002E47
:10110400F6D14346186059603800E0BCBA46B1468F
:10111400A846F0BD032111400831DDE6502101202D
:1011240000F0044000C0044000D0044060210120CD
:10113400FFFF000008000540000005400C000540CA
:10114400100005400C10054000C00340286BEE0061
:1011540004F0034000D0034004E00340CF07000044
:101164004800054048100540A086010018280120C9
:101174004F8167F77E7B05142D7F954C2DF45158D4
:101184000321114008318EE603220A4008326FE63B
:1011940003221A4008324FE6F0B50400DE465746F3
:1011A4004E464546E0B52600B1B0FFF7CFFD9D4B56
:1011B4006D3623609C4BFF3619006422300098463C
:1011C40009F0BAF82000D1301C220021FF3009F0C8
:1011D400ADF82000ED301C220021FF3009F0A6F804
:1011E400822300259B00E55004339946DC22A14468
:1011F40000214846520009F099F8D8228B4F4846FE
:101204003900520009F098F8EF239B00E3181D60A1
:10121400F0239B00E3181D60F1239B009946DC2218
:10122400A14400214846520009F080F8D822390030
:101234004846520009F080F87D4B6C22E3181D608B
:10124400AF23DB00E3181D607A4BE01864234344AA
:101254001900994609F070F8BD23DB00E554764B7C
:101264006C224946E01809F067F8CB23DB00E5540B
:10127400724B6C22E7184946380009F05DF8D9230F
:10128400DB00E5546E4BDB22E5500433E5506D4B37
:10129400D200E5500123A350012292466A4A00215C
:1012A400A352DC23DB00E550684B694AE550043364
:1012B400E250684B684AE5500433E550674BE2500E
:1012C400C0220433E550664B5201E2503C22043301
:1012D400E552644BE254644B0432E5500433E018A5
:1012E40009F024F8E923DB00E550604B6C22E5505B
:1012F4000433E5505E4B4946E01809F01DF8F82325
:101304000022DB00E5525B4B4946E2545A4B6C2207
:10131400E01809F011F88323D0221B01E552574B42
:101324000021E550564B9200E550564BE518280035
:1013340008F0FCFFE82352465B005349E2541C3397
:10134400E254524B0A689A421ED0434B15AD98465C
:101354000023994631006422280008F0EDFF4B4633
:101364006B6643466C22AB662900380008F0E4FF44
:10137400D92301222000DB00E25431B0F0BCBB468B
:10138400B246A946A046F0BD414B4A689A42DCD118
:10139400D3239B00CB583F4A9C463F480B780131EE
:1013A4005A4013049B185B009B18DB009B18DB005E
:1013B4009B185B009A188142F0D19445C5D1324BF9
:1013C4001A7A9146832249461201A1545B7A072B6B
:1013D40068D901230B4200D044E302220A4200D020
:1013E40035E303330B4200D026E34A46120700D507
:1013F40020E34A46D20600D511E34B469B0600D5AE
:101404000BE34B465B0600D505E3CB0900D0F6E2BF
:10141400224A2800A354D022214992000EF040FD14
:1014240093E7C0465C210120682101203822012075
:10143400740500007C050000EC0500005C0600005B
:10144400CC060000D4060000DC060000E406000020
:10145400CDAB3412EC06000052030000F406000089
:10146400FC06000002070000040700004C0700000F
:1014740054070000C2070000C4070000340800003D
:10148400380800003C08000000F01F1030385343B7
:1014940008005003C59D1C814CF31F103108000047
:1014A4000CF01F109A465246E44B2800E254D02216
:1014B400E34992000EF0F4FC4B465246D340DB075E
:1014C40000D442E7414615AD6C222800643108F08F
:1014D40033FF524668235343842212019446E3188F
:1014E40063441B681A00019380235B019A4200DA6B
:1014F40080E2D44B0193524668235343D24AE31803
:101504009A18126811004A1E9141D04A13919446C8
:1015140063441B681A000293E0231B019A4200DD16
:1015240002938023029A9B009A4200DA0293524665
:1015340068235343C64AE318944663441B689C4695
:1015440080235B019C4500DA4DE2BE4B9C4652462B
:1015540068235343852212019046E31843441868D4
:1015640080235B01984200DA39E2B6485246682388
:101574005343B84AE31890464344196880235B01F7
:10158400994200DA27E2AF49524668235343B24AEC
:10159400E318904643441A68802303925B019A42FD
:1015A40000DA13E2A74B0393524668235343AB4A32
:1015B400E318904643441B681A00049380235B019C
:1015C4009A4200DAFDE19F4B049352466823534349
:1015D400862212019046E31843441B681A000593BF
:1015E40080235B019A4200DAE6E1964B059352466A
:1015F400682353439A4AE318904643441B68994628
:1016040080231B01994501DB964B9946964B9945DE
:1016140000DA9946524668235343944AE3189046A5
:1016240043441B681A00069380235B019A4200DA44
:10163400BDE1844B06935246682353438C4AE31816
:10164400904643441B681A00079380235B019A4227
:1016540000DAA7E17B4B0793524668235343872262
:1016640012019046E31843441B681A000893802330
:101674005B019A4200DA90E1724B08935246682368
:1016840053437C4AE318904643441B681A00099369
:1016940080235B019A4200DA7AE16A4B099352464D
:1016A40068235343744AE318904643441B681A0062
:1016B4000A9380235B019A4200DA64E1614B0A9346
:1016C4005246682353436D4AE318904643441B68CB
:1016D4001A000B9380235B019A4200DA4EE1594BC6
:1016E4000B93524668235343882212019046E31811
:1016F40043441B681A000C9380235B019A4200DA6E
:1017040037E1504B0C935246682353435C4AE31829
:10171400904643441B681A000D9380235B019A4250
:1017240000DA21E1474B0D93524668235343554A4F
:10173400E318904643441B681A000E9380235B0110
:101744009A4200DA0BE13F4B0E935246682353430F
:101754004D4AE318904643441B681A000F938023B4
:101764005B019A4200DAF5E0364B0F935246682348
:101774005343892212019046E31843441B681A001C
:10178400109380235B019A4200DADEE02D4B109324
:101794005246682353433D4AE318904643441B682A
:1017A4001A00119380235B019A4200DAC8E0254BAA
:1017B4001193524668235343354AE31890464344F1
:1017C4001B681A00129380235B019A4200DAB2E08C
:1017D4001C4B12935246682353432E4AE3189046F7
:1017E40043441B68984680235B01984500DA9BE0DC
:1017F400144B98465246682353438A221201934657
:10180400E3185B441B681A0080235B019A4200DAE8
:1018140085E00C4B9B465246682353431E4AE3180B
:101824009246A82253441B68D201934200DD130060
:101834001A4A934234DA130032E0C04631080000F9
:101844000CF01F10FF0F00004408000048080000BF
:101854004C08000054080000580800005C08000010
:1018640064080000FF07000000F8FFFF680800009C
:101874006C08000074080000780800007C08000070
:1018840084080000880800008C0800009408000008
:10189400980800009C0800003C08000000D0FFFFEE
:1018A4001593019B68616B60139BA961AB60029BFC
:1018B4006422EB6063462B61039B2900EB61049B6C
:1018C40030002B62059B6B62069BAB62079BEB624D
:1018D400089B2B63099B6B630A9BAB630B9BEB63BA
:1018E4000C9B2B640D9B6B640E9BAB640F9BEB6496
:1018F400109B2B65119B6B65129BAB655B46EB657F
:1019040008F01AFDDF234A46DB00E2504246564BFC
:10191400E2500023554AA354554AA3521AE5D3432F
:10192400DB171A40934676E74346DB434246DB1710
:101934001A4090465EE7D343DB171A40129249E7F8
:10194400D343DB171A40119233E7D343DB171A4012
:1019540010921DE7D343DB171A400F9206E7D343D7
:10196400DB171A400E92F0E6D343DB171A400D92B0
:10197400DAE6D343DB171A400C92C4E6D343DB17F1
:101984001A400B92ADE6D343DB171A400A9297E64E
:10199400D343DB171A40099281E6D343DB171A407D
:1019A40008926BE6D343DB171A40079254E6D343FD
:1019B400DB171A4006923EE6D343DB171A40059222
:1019C40015E6D343DB171A400492FEE5D343DB1735
:1019D4001A400392E8E5CB43DB171940D4E5C3432F
:1019E400DB171840C2E56346DB436246DB171A4047
:1019F4009446ACE5D343DB171A4001927BE50723F9
:101A04009A4652461B4B2800E254D0221A499200AF
:101A14000EF046FA56E50623F2E70523F0E7154AE9
:101A24002800A354D022144992000EF039FA04235A
:101A34009A4647E50323E3E70E4B2800E254D022FD
:101A44000D4992000EF02CFA02239A463AE5094A0F
:101A54002800A354D022084992000EF021FA012351
:101A64009A462FE50023CBE7F4060000D9060000D0
:101A7400DA060000310800000CF01F10F0B54646ED
:101A8400D6464F4698460B780500C0B500200E0098
:101A9400002B04D1E0BCBA46B146A846F0BD002AEA
:101AA40000D15DE10A7C002A00D17DE1B6235B0010
:101AB4009946A9444B4680211B6C49018B4200DBAB
:101AC4002FE1D943C9170B40012A00D1FDE1022AB5
:101AD40000D1A2E100233374D14BBE21EA58DE23A6
:101AE40049005B00EB586F585F43BC233F0B5743DF
:101AF4005B00EB58FF12FF18F0231B019F4200DC30
:101B040022E11F00DC235B00EB585343099A1B13AB
:101B14009446A8229A46C34BD201EB58634493429D
:101B240000DD1300C04A934200DA1300FF211A12A9
:101B34001940002B00DB95E113000C3300D463E162
:101B44001300183300D462E11300243300D461E19C
:101B540004240C336442B5489A0082580B2B00D1FC
:101B6400D4E101339B00C0580023801A4843000A83
:101B740080180021AE4A08F065FA0A04000C0243FA
:101B8400002C00DCD1E0013C5200002CFBD1402AA7
:101B940000D240225146D30B59438B187268A54991
:101BA4009B181A0D73605018974200DCD6E0A249C6
:101BB400A24A9B0E5B009C5EDD23DB00EF58A04A2B
:101BC400A4107A439F4FBC466244EA50C0235B0092
:101BD400EB58120D4343C220400028581B134143C5
:101BE40009135B18C42149006958614309135B1840
:101BF40090498C46C6214900695862444A435213AD
:101C04009B1880225B101201934200DB8E4B894AA1
:101C1400934200DA13008D4AAA58002A0DDDDE2112
:101C24008020C900695840015943C912C91A824227
:101C340000DB874A4A4312139B184A46516B089AA1
:101C44004C4651434246E46A0913520012194C00AF
:101C54001219734C7F482F594C46646D7C43E4122F
:101C64001219F4686410121980246401A24267DB1B
:101C7400774A120A4C465200825AA46A924680223B
:101C8400444477695201944256DB714C240A64003F
:101C9400045BD81B60430013C0197061181A4B46CB
:101CA4001B6BB469C91880235B01994240DB684906
:101CB40052466143C912401A001B42431313802247
:101CC4001B19B3611201934200DB5F4B594A9342E3
:101CD40000DA1300E2225200A858B16800280EDD91
:101CE4004F4AAA5842438020000184468020D212E1
:101CF4006244400182422DDB554A51430913C822F4
:101D04004B435200A8581B135843802300131B0154
:101D1400984200DB4C48474B984200DBBAE6180077
:101D2400B8E64B4BD0E652080134002CFBD12EE729
:101D3400CB43DB171940BBE7E243D2171440A5E7B6
:101D4400D443E417224094E7FF2F00DDDAE680272E
:101D54007F00D7E6D043C0170240CEE73E4927E7CD
:101D6400B6235B009946A9444B4680225B6C3B49F1
:101D74005201934240DB364B1B0A5B00595A032342
:101D840080223374B36852015B1A934230DB304BC8
:101D94008022B360F36852015B1A934225DADA4376
:101DA400D2171340F36097E6B6235B009946A94423
:101DB4004B4680229B6B29495201934220DB244BE2
:101DC4001B0A5B005B5AB268F1689A185B005B18E7
:101DD4002349B260F3608A4203DD1D4AB2600122E6
:101DE4003274802252019342D9DB194BF36073E6BB
:101DF400DA43D2171340CBE7DA43D2171340BBE7D9
:101E0400DA43D2171340DBE701246442A3E6022439
:101E14006442A0E6032464429DE6B360F3605BE69B
:101E2400EC060000FC06000000D0FFFF282401207F
:101E3400314D590000F8FFFFDC0500005C2401204F
:101E44000D6619005FF36E3CFF070000F406000006
:101E5400FF0F00000824012024FAFFFFE8230120DB
:101E6400FE0F000013000B2A00DC91E00C3B0B2B4F
:101E740013DD0C3B0B2B26DD0C3B0B2B55DD0C3BF8
:101E84000B2B58DD0C3B0B2B57DD0C3B542A56D146
:101E9400404807240023026863E601243D489A0071
:101EA40082580B2B00D05CE680239B029B1A59437B
:101EB400080A80180023384A002108F0C3F80A04ED
:101EC400000C02435FE60224E8E74A468021D26B15
:101ED400324849018A422ADB314A120A5200105A16
:101EE400B26893422DDA121A93423EDC80214901F2
:101EF4008A4200DB2A4AF168B2608B423ADBF36023
:101F0400934200D0E8E502233374E5E580208002A3
:101F1400801A4843000A801800231F4A002108F051
:101F240091F80A04000C0243FFE60324B6E7D14308
:101F3400C9170A40D1E70424B0E70524AEE7062414
:101F4400ACE7F168B3608B420DDA4000091A8B42AA
:101F540009DC80225201914200DB1149F16099426F
:101F640000D0B9E5CFE7F360CDE7F168B3608B4209
:101F7400F9DA1A004000091A8B42C0DC80204001C3
:101F8400814200DB0649F160934200D0A4E5E6E714
:101F94000024E0E528240120314D5900E8230120E4
:101FA400FF0F0000D422F0B5474C0500A54440AC17
:101FB40000219200200008F0B9F9444BD02240934C
:101FC400434B9200419383231B01EB5A43A8238183
:101FD400404BE91808F0B0F92100FFA83E4A503000
:101FE4000B7801315A4013049B185B009B18DB00EB
:101FF4009B18DB009B185B009A188142F0D1D32315
:1020040036499B00E2500868304A904237D0EFF3DB
:10201400108772B68021324849010EF0AFFEFF25C9
:102024006B46304C6D445E1E8022FF216846520090
:1020340008F07CF902210123FF3104E0EA5CF25448
:1020440001338B420CD0A342F8D180226946264842
:1020540052000EF0DBFE87F31088244B9D44F0BD44
:10206400802223486946001B013C5200FF3C0EF0CD
:10207400CDFE23000135FF35AF33D5D1EBE7144A4C
:1020840048689042C3D1CC58134A1A480B7801319E
:102094005A4013049B185B009B18DB009B18DB0061
:1020A4009B185B009A188142F0D19442AFD1124937
:1020B4000A4B124A694402E001339342CDD0CC5C0E
:1020C40018788442F8D0A2E7ACFBFFFF30385343C2
:1020D400080050033C080000C59D1C8100F01F103F
:1020E40000F01F005103000000F31F00540400001F
:1020F40051F31F004CF31F100011E0EF50F31F10B9
:10210400F0B557464546DE464E463C23E0B5FF3320
:10211400C35CBBB01A000393534253418A2252005A
:10212400825A040012B20692862252008258012575
:1021340012B20492882252008258DBB212B2924642
:102144009C225200825C002A06D084225200825CC7
:10215400D5B2002A00D156E2039A002A00D079E1D0
:10216400DA21C9006258A448824200D83CE2012125
:10217400A24AA1540121A24AA154A24AA354A24AA8
:10218400A35801333F2B00D879E10023A350F8333F
:10219400E3580893FC23E3580B9380235B00E35834
:1021A4000A93F0239B009946A1444B461E68EF23F3
:1021B4009B009846A04443461B68BFF35F8F9E4232
:1021C40001D100F083FF1FAB9B4683239B009C46F9
:1021D400A44463460793B6235B009C46A444634629
:1021E4000995059303256C2335405D43A133671995
:1021F400FF33F9186C22584608F09EF8079B9C465A
:102204009D239B0065449C4667446D6E3F68BFF305
:102214005F8F4B4601361E6064225946059808F0CC
:102224008BF880231B019D4200DB784D784B9D4247
:1022340000DA1D00DF23DB00E55080235B019F42B1
:1022440000DAE3E1734F744BE022E7500023D2003D
:10225400A354724AA354724AA3524B461E6843467F
:102264001B68BFF35F8F9E42BCD1099D6D4BE35C3D
:10227400002B00D0E0E16C4A6C49A3588B4200D893
:10228400C8E10122674BE2525C4B0399E25C684B64
:10229400E35C8B4201D100F05EFF00235F4963548D
:1022A4005F496352624B0399E154624BE254DF236A
:1022B400DB00E3589846039B022B01D100F056FF44
:1022C400012B01D100F0C6FF002A46D0534BE35C3A
:1022D400002B13D1802380221B01434452019342DB
:1022E40001DA00F0B2FF4B4B089AD31ADA179B18A5
:1022F4005340602B0BDC0122484BE254444A089BB8
:10230400944663449846DF234246DB00E250444A45
:10231400A35C002B0AD1404B0B99E358CB1AD91775
:102324005B184B40602B04DC0123A3543A4B0B9AFB
:10233400E250414AA35C002B0BD1B933FF330A9915
:10234400E358CB1AD9175B184B40602B05DC0123EB
:10235400A354DC230A9A5B00E25000239946374BCE
:10236400069AE250043BE05C354BE35C002B01D061
:1023740000F0DBFDBA235B00E358002B01D000F032
:1023840020FE304B9A4202DCD343DB1713402E4924
:10239400DA00D218A82341445218DB019A4200DD26
:1023A4001A002A4B9A4200DA1A00002801D100F0E0
:1023B400BBFCB8235B00E658002E01DC00F0B4FC43
:1023C400802323495B016158501A9E4201DB00F0CF
:1023D40093FE104B9B1B5B431B145E1CB04201DD40
:1023E40000F08DFEDB43984201DB00F07AFF184BCE
:1023F4008A1BE25000F09DFC00770100D506000026
:10240400D6060000D4060000CC060000FF0700003A
:1024140000F8FFFFFF0F0000F4060000D9060000DB
:10242400DA06000038080000340800003202000018
:10243400DC060000DD060000DB06000004070000E7
:1024440001070000A906000000F4FFFF00D0FFFF11
:10245400FC060000C64AA25C002A00D0A7E0DA21EC
:102464000022C9006250C3496254C3496254C04A3D
:10247400A354C24AA35801333F2B00D985E6A35085
:10248400002D63D121002600D131ED36FF31FF3616
:10249400BB4BDC27E554E4235B00E058FF00430218
:1024A4009846DA23B7485B008446E258B648E359B5
:1024B400120263448446D218E251B44FB448E3593B
:1024C400920E634443445200E351175E9B0EB14A9B
:1024D4005B00A7501A5EDE23DB00E25082239B00E0
:1024E400E3582A00019353460093049B2000984626
:1024F400FFF7C4FAB62352465B00E3580700019382
:10250400009243462A0031002000FFF7B7FAF22375
:10251400E7520233A04AE052A04B1A605A60D0231B
:1025240080221B065200002D3BD15A61914BE35C83
:10253400002B30D1D02380221B0692005A613BB07D
:10254400F0BCBB46B246A946A046F0BD21008C4B68
:10255400D131E35CFF31002B25D14B600B748B68C8
:102564005F2B01DC60238B60CB687F2B01DC802335
:10257400CB6026000023ED36FF3673603374B368F6
:102584005F2B01DC6023B360F3687F2B00DD7FE702
:102594008023F3607CE7D02380221B0692009A619B
:1025A400CDE79A61C2E72600ED36FF3670E7DA22FE
:1025B400D200A2587A49013A8A4200D94FE7794AAF
:1025C400A25C002A00D04AE77749615C002900D167
:1025D40045E7DB200126C000215C7140215473498A
:1025E4006254734962523AE701326250E12189012F
:1025F4008A4200D23BE701205E4960546D498A4219
:1026040000D9B7E533E76C4A855CA5E5FB43DB17E6
:102614001F4018E60133A350BB2B0DD903990029A1
:102624000AD183231B01E35C002B05D001225D4BFF
:10263400E254624BE15404E05A4BE35C002B00D1BA
:1026440022E683231B01E15C01231A000A4007925E
:10265400CA081A4094460A091A40904648088E0847
:102664004A091A401F0018401E40079B09929946C8
:102674008A09099B174032184A44994662444244E5
:102684004A44B946C9094A4452180C97002A00D151
:10269400F7E58023089F5B019F4201DB00F029FDE1
:1026A400FB43DB173B4053431B0BDBB2934201D389
:1026B400013AD3B2079A002A05D0002B01D100F0C9
:1026C4001EFF013BDBB2002805D0002B01D100F036
:1026D40011FF013BDBB2002E05D0002B01D100F02D
:1026E40011FF013BDBB26246002A05D0002B01D169
:1026F40000F0D2FE013BDBB24246002A05D0002B9B
:1027040001D100F0CEFE013BDBB2099A002A05D0CC
:10271400002B01D100F0D6FE013BDBB20C9A002A5B
:1027240005D0002B01D100F0D2FE013BDBB2002921
:1027340050D0002B4ED10721072221482154214992
:102744002148096889B20160002107931D4B1B6869
:102754004B401B0C1C491B040B6007994B4259410D
:102764001A4B494219401A4B9C46614466E0C046E4
:10277400D4060000D5060000D6060000CC060000F2
:10278400D7060000865D01006CC11600E406000057
:102794005C240120EC06000083E70300F8260120F6
:1027A4003E3800003908000038080000D90600004F
:1027B400DA060000FF760100010700003A08000075
:1027C4003B08000070000540701005402000FFFF2A
:1027D400E0FF0000079B002B01D000F083FE0028DF
:1027E40001D000F090FC002E01D000F080FE634682
:1027F400002B01D000F050FE4346002B01D000F026
:1028040050FE099B002B01D000F05CFE0C9B002BBA
:1028140001D000F05CFE002901D000F078FEEF4BFF
:10282400EF4AE1541068EF4B43401B04EE481B0C85
:102834000360136800221B0C1B040360EB4B1B6832
:102844004B401B04EA491B0C0B6083231B01E35C14
:10285400D3400122110019401A4200D0E549E34B4C
:10286400E34A1B684B401B0CE3491B0413600B68D1
:10287400E24A1B041B0C13600968DE4B4B401B0C23
:102884001B041360DE4BE25C002A01D100F056FC0D
:10289400039B002B01D100F056FCD04BE65C072EC5
:1028A40000D93AE20B3BE35CF340DB0700D434E2AB
:1028B4006C225846D34907F03FFD84226823120155
:1028C40094467343E3186344186880235B01984279
:1028D40001DA00F048FDCC4868237343CB4AE3187F
:1028E4009A18126811004A1E9141C94A1D919446D2
:1028F40063441B681A001B93E0231B019A4200DD0A
:102904001B9380231B9A9B009A4200DA1B93682333
:10291400C04A73439446E31863441B689946802372
:102924005B01994501DA00F029FDB74B99468522F0
:102934006823120194467343E31863441B681A0026
:10294400079380235B019A4201DA00F011FDAE4B3C
:1029540007936823B04A73439446E31863441B689F
:102964001A00099380235B019A4201DA00F086FD84
:10297400A54B09936823A94A73439446E318634417
:102984001B681A000C9380235B019A4201DA00F061
:102994006FFD9D4B0C936823A14A73439446E3183F
:1029A40063441B681A000D9380235B019A4201DA89
:1029B40000F058FD944B0D9386226823120194462F
:1029C4007343E31863441B681A000E9380235B016E
:1029D4009A4201DA00F040FD8B4B0E936823914A32
:1029E40073439446E31863441B681A001C938023C2
:1029F4001B019A4201DB8C4B1C938C4B1C9A9A4210
:102A040000DA1C9368238A4A73439446E3186344A8
:102A14001B681A000F9380235B019A4201DA00F0CD
:102A240015FD794B0F936823824A73439446E31848
:102A340063441B681A00109380235B019A4201DAF5
:102A440000F0FEFC704B1093872268231201944619
:102A54007343E31863441B681A00119380235B01DA
:102A64009A4201DA00F0E6FC674B11936823724A3C
:102A740073439446E31863441B681A00129380233B
:102A84005B019A4201DA00F0CFFC5F4B129368239A
:102A94006A4A73439446E31863441B681A00139309
:102AA40080235B019A4201DA00F0B8FC564B139381
:102AB4006823634A73439446E31863441B681A000B
:102AC400149380235B019A4201DA00F0A1FC4E4B7F
:102AD400149388226823120194467343E3186344D1
:102AE4001B681A00159380235B019A4201DA00F0F7
:102AF40089FC454B15936823524A73439446E31863
:102B040063441B681A00169380235B019A4201DA1E
:102B140000F072FC3C4B169368234B4A7343944673
:102B2400E31863441B681A00179380235B019A42DD
:102B340001DA00F03DFC344B17936823434A734396
:102B44009446E31863441B681A00189380235B01BE
:102B54009A4201DA00F026FC2B4B18938922682351
:102B6400120194467343E31863441B681A001993D3
:102B740080235B019A4201DA00F00EFC224B199388
:102B84006823334A73439446E31863441B681A006A
:102B94001A9380235B019A4201DA00F0F7FB1A4B87
:102BA4001A9368232B4A73439046E31843441968E5
:102BB40080235B01994200DACDE313496823264A56
:102BC40073439046E31843441B68984680235B0193
:102BD400984500DAB8E30C4B98463FE03B08000008
:102BE40070000540E0FF00007010054084000540BF
:102BF400841005400000E0FF98000540981005404F
:102C04003A080000CC210120FF0F00004408000016
:102C1400480800004C080000540800005808000050
:102C24005C08000064080000FF07000000F8FFFFD4
:102C3400680800006C0800007408000078080000B0
:102C44007C08000084080000880800008C0800004C
:102C540094080000980800009C0800008A22682359
:102C6400120194467343E31863441A6880235B019A
:102C74009A4200DA73E3DD4A6823DD4F7343BC46AE
:102C8400A827E31863441B68FF01BB4200DD3B0037
:102C9400D84FBB4200DA3B001F935B4658601D9837
:102CA40098601B98D860484618610798586109983D
:102CB40098610C98D8610D9818620E9858620F9814
:102CC40098621098D86211981863129858631398F0
:102CD40098631498D86315981864169858641798CC
:102CE400996598641898DA65D86419986422186507
:102CF4001A9859465865059807F01EFBDF231C9A5D
:102D0400DB00E2504246BC4BE250E0220023D200FA
:102D1400A354BA4AA354BA4AA352BA4B2000E65465
:102D2400FFF740F9FFF7ADFA0121B74BE250043346
:102D3400E154FF21002613121140002A16DA013E45
:102D44000C33FCD4B1489A0082580B2B1AD1802042
:102D54008002801A4843000A801800230021AC4AEC
:102D640007F070F90904000C0143D3E00B2BE9DDF3
:102D74000C3B01360B2BFBDCA4489A0082580B2B2E
:102D840000D1ADE101339B00C058801A4843000ACA
:102D94008018002300219E4A07F054F90904000C0E
:102DA4000143002E00DCB5E0013E4900002EFBD1BA
:102DB400402900D24021E6235B00E1504B46002B22
:102DC4007CD1DB23DB00E25C039B022B00D164E1BA
:102DD400012B00D1A8E1802380211B014344490138
:102DE4008B4200DB7FE1D943C9170B40DC208249C9
:102DF40040006158205880267601B34200DA90E002
:102E04007A4B5B43834E1B1237687B401B04824F13
:102E14001B0C3B6053425A41922352421B051A40F9
:102E24007E4B9C463368624453401B0C1B043B603E
:102E340080235B01994270DB6C494943784A0B1249
:102E44001668784973401B041B0C0B606C4B1268AA
:102E5400E35C5E42734198265B42B60433406F4E96
:102E6400B446634453401B0C1B040B606E4BE35C81
:102E7400002B00D0B7E080235B01984200DAAEE07B
:102E84005A4B5B431B12694A11684B401B04684947
:102E94001B0C0B60674B1268E35C5842434198205B
:102EA4005B42800403405D488446634453401B0CEA
:102EB4001B040B60DF23DB00E3589846642258466A
:102EC400059907F039FA4C4BE2585B4BE718E318C5
:102ED4003E685B68BFF35F8FF31A042B01D1FFF7E1
:102EE400CFFA5B4641469A66596603236C20334009
:102EF4005843F1239B009C4620186C225946604499
:102F040007F01AFABFF35F8F01363E60FFF7B8FA95
:102F140049080136002EFBD14AE7CB43DB171940A1
:102F24008BE7DE43F61733406BE7444BE35C243B0B
:102F34001B0243441A00A823DB019A4200DD1A0055
:102F44002C4B9A4200DA1A00002818D0B8235B00F0
:102F5400E658002E13DD80232B495B016158501A7B
:102F64009E4200DB214E214B9B1B5B431B145E1CCA
:102F7400B04200DCAEE1244B8A19E25004E00121A6
:102F8400214BE2500433E154FF2100261312114077
:102F9400002A5BDA013E0C33FCD41C489A008258A8
:102FA4000B2B5FD180208002801A4843000A8018CE
:102FB40000230021164A07F045F80904000C0143D8
:102FC40068E013008022D200934200DB1C4B1D4AB0
:102FD400934200DA1300C0214901FFF7D9F9C34332
:102FE400DB1703404DE7184B4DE7C046FF0F0000C9
:102FF4003C08000000D0FFFFF4060000D9060000E2
:10300400DA06000031080000FC0600002824012034
:10301400314D590070000540701005400000E0FF7C
:103024008400054084100540D60600009800054041
:1030340098100540DB06000074050000020700003C
:10304400FF03000001FCFFFFE0FF00000B2BA4DDE9
:103054000C3B01360B2BFBDCD8489A0082580B2B17
:1030640000D180E001339B00C058801A4843000A15
:10307400801800230021D24A06F0E4FF0904000C62
:103084000143002E06DD013E4900002EFBD18FE6F0
:1030940049080136002EFBD18AE6002A25D1822375
:1030A4009B00E358802109018C4680219B106344D6
:1030B40049018B4234DBC34BC348BC218446BE2048
:1030C4004900615840002058614494E61FAB9B4678
:1030D400B6235B009C46A44463460593FFF7C6F8F9
:1030E4008020800251E6B74B80E66B33FF33E35810
:1030F400D8E7B44BFFF7D7FAB24EFFF76AF9B34BF0
:103104008A19E25015E601210122B14BE154B14B79
:103114001B68B1491B041B0C0B60B049FFF716FB7D
:10312400D943C9170B40C7E7CC21CE209433FF33D2
:1031340049004000E358615820585CE6039A002A8D
:1031440001D00122E254DF23DB00E3589846012337
:103154009946FFF704F9A24BE35C934201D0FFF7D1
:103164009CF8FFF7A4F8802080027EE79D4BE25C88
:10317400013BE35C002B00D1B6E0002A17D180228A
:10318400B6231201944680225B00E35852019B103F
:103194006344934200DA7BE18A4B089AD31ADA1724
:1031A4009B185340602B13DC01228E4BE2548E4A51
:1031B400089B9446A82263449B00D201934200DDFD
:1031C40013008A4A934200DA1300B6225200A35035
:1031D400874AA35C002B0ED17B4979338C46FF339D
:1031E400E3580B996344CB1AD9175B184B40602BF7
:1031F40013DC0123A354802292009446E0220B9B0B
:1032040012016344934200DD130080229200934232
:1032140000DA1300BC225200A350764AA35C002BB0
:103224000DD17D33FF330A99E358CB1AD9175B18B4
:103234004B40602B01DDFFF790F80123A354BE231C
:103244000A9A5B00E250FFF788F8DA43D21713407A
:10325400FFF74AF8634AA35C002B0BD19533FF3385
:103264000899E358CB1AD9175B184B40602B05DC3F
:10327400039BA354CA23089A5B00E2505C4AA35CF4
:10328400002B0BD19933FF330B99E358CB1AD91781
:103294005B184B40602B05DC0123A354CC230B9A11
:1032A4005B00E250534AA35C002B0DD19D33FF33E6
:1032B4000A99E358CB1AD9175B184B40602B01DDF0
:1032C400FFF74BF80123A354CE230A9A5B00E25084
:1032D400FFF743F8DB43984233DA3C4B8A1BE25056
:1032E40052E63A4BE25024E5002A18D18022822388
:1032F4001201944680229B00E35852019B106344C0
:10330400934200DAC0E02F4B089AD31ADA179B18BD
:103314005340602B00DD5BE70122324BE254324A1A
:10332400089B9446A82263449B00D201934200DD8B
:1033340013002E4A934200DA130082229200A35013
:1033440046E7224BE2501FE64346DB434246DB1787
:103354001A40904682E4CB43DB1719402EE4D34352
:10336400DB171A4088E4C343DB171840FFF7B4FAAD
:10337400D343DB171A400792FFF7EBFA4B46DB43C4
:103384004A46DB171A409146FFF7D1FAD343DB17BD
:103394001A401A92FFF705FCD343DB171A4019921F
:1033A400FFF7EEFBD343DB171A401892FFF7D6FB67
:1033B400D343DB171A401792FFF7BFFB28240120E1
:1033C400314D5900FF0F000000FEFFFFFC06000016
:1033D4003B08000070000540701005400000E0FF4D
:1033E400DD060000D906000000F8FFFF00D0FFFF53
:1033F400DA060000DB060000D343DB171A401692FE
:10340400FFF78AFBD343DB171A401592FFF773FBD0
:10341400D343DB171A401492FFF75BFBD343DB174C
:103424001A401392FFF744FBD343DB171A4012925E
:10343400FFF72DFBD343DB171A401192FFF716FB5E
:10344400D343DB171A401092FFF7FEFAD343DB177E
:103454001A400F92FFF7E7FAD343DB171A400E9294
:10346400FFF7BCFAD343DB171A400D92FFF7A4FA17
:10347400D343DB171A400C92FFF78DFAD343DB17C3
:103484001A400992FFF776FADA43D21713403BE762
:10349400DA43D217134080E6032103220423FFF703
:1034A4004CF904210423042207911A4963541A4B4A
:1034B40019681A4B4B401B0419491B0C0B60002163
:1034C400FFF744F904230521052207931DE604238D
:1034D4000621062207930F4BE1540F4B19680F4B3B
:1034E4004B4016E60021002300220791DDE702216C
:1034F4000222F0E7002301210122079305E60022BE
:103504000792D2E70023022102220793E3E7002374
:10351400FFF711F93B08000070000540E0FF0000D0
:1035240070100540F0B5DE4657464E464546E0B5B8
:103534006420CBB005F0A2FEF023F04FFB5C0C2B13
:1035440001D001F0FFFCD0231B065A68802314002D
:103554005B031C401A4200D081E202232FAE338069
:10356400310020000AF086F9BD23DB00FB5CA14694
:10357400002B00D082E21FAB9B46E14B0493E14B4E
:1035840003934B46002B2DD1BD25ED0001200021D6
:1035940040420BF0ABF87B5D002BF7D0EF24F02317
:1035A400A4009B003D59FB58BFF35F8FEB1A042B1B
:1035B400E7D003236C202B40584383239B009C4675
:1035C400D14B38186C226044F91806F0B5FEBFF3ED
:1035D4005F8FBD230022DB00FA544B4601353D5179
:1035E400002BD1D0E923DB009A464B4600930120FF
:1035F400AF250021404207F0FBFAC44BED007C5993
:10360400FB58BFF35F8FA34225D003239846693349
:10361400994641464B4621405943F1239B009C4621
:1036240079186C223000614406F086FEBFF35F8F88
:10363400B74B6C22F818310001347C5106F07CFE43
:10364400CB230122DB00FA54B04B7C59FB58BFF367
:103654005F8F9C42DDD1F824E4003B5D002B01D058
:1036640000F0F5FFAB4BFB5C002B01D000F052FEE9
:10367400A94BFB5C002B00D1B8E1A84BFB5C002BF1
:1036840001D001F099F8CB23DB00FB5C002B00D1C7
:10369400ACE19F4BFB188021002209018C4680215C
:1036A400F287053232729E4A49012F929D4A309226
:1036B4001A68921062448A4201DA00F013FE9A4AB0
:1036C4007F21114071728021D209B2725A68490176
:1036D4008A4201DA00F001FE934A7F211140F1721F
:1036E4008021D20932739A6849018A4201DA00F0D2
:1036F400EFFD8D4A7F21114071738C49D2098C46AC
:103704008021B273DA68490162448A4201DA00F026
:10371400DAFD854A7F211140F1738021D209327488
:103724001A6949018A4201DA00F0C8FD7E4A7F2104
:10373400114071748021D209B2745A6949018A42D4
:1037440001DA00F0B6FD784A7F211140F17480213E
:10375400D20932759A6949018A4201DA00F0A4FD5E
:10376400714A7F21114071758021D209B275DA69DD
:1037740049018A4201DA00F092FD6B4A7F2111402F
:10378400F1758021D20932761A6A49018A4201DA36
:1037940000F080FD644A7F21114071768021D209B6
:1037A400B2765A6A49018A4201DA00F06EFD5E4A35
:1037B4007F211140F176802109018C468021D209B4
:1037C40032775A6E490162448A4201DA00F058FDA8
:1037D400554A7F21114071778021D209B2779A6AC4
:1037E40049018A4201DA00F046FD4F4A7F21114027
:1037F400F1772021D20972548021DA6A49018A4280
:1038040001DA00F033FD484A7F2121201140315470
:103814002221D209725480211A6B49018A4201DAA9
:1038240000F01FFD404A7F21232011403154242100
:10383400D209725480215A6B49018A4201DA00F09C
:103844000BFD394A7F212520114031542621D2090C
:10385400725480219A6B49018A4201DA00F0F7FC24
:10386400314A7F212720114031542821D209725432
:103874008021DA6B49018A4201DA00F0E3FC2A4A2A
:103884007F212920114031542A21D20972548021E8
:103894001A6C49018A4201DA00F0CFFC224A7F21E6
:1038A4002B20114031542C21D209725480215A6C9E
:1038B40049018A4201DA00F0BBFC1B4A7F212D201A
:1038C400114031542E21D209725480219A6C49013D
:1038D4008A4201DA00F0A7FC134A7F212F2011400D
:1038E40031543021D20972548021DA6C49018A4260
:1038F40001DA00F093FC0C4A1AE0C046D02D0120F6
:10390400901C0120682101207C0500007405000042
:10391400EC050000C1070000520700005307000037
:10392400F07D43533830047FFF0F000000FEFFFF9B
:103934007F213120114031543221D2097254802127
:103944001A6D49018A4201DA00F063FCB14A7F2111
:103954003320114031543421D209725480215A6DDC
:1039640049018A4201DA00F04FFCAA4A7F2135203E
:10397400114031543621D209725480219A6D490183
:103984008A4201DA00F03BFCA24A7F213720114031
:1039940031543821D209725480219A6E49018A42E5
:1039A40001DA00F027FC9B4A7F2139201140315471
:1039B4003A21D20972548022DB6D5201934201DA1A
:1039C40000F013FC934B7F223B211A4072543C229B
:1039D400DB09B3543D23BB32F254002132000133DE
:1039E400002007F003FF00228B4BFA5240235A4673
:1039F4000021002007F05AFE002827D058445D46D5
:103A04000400B0460BE05046511C3950E121C90076
:103A14008C46BA18624413700135A54215D02B7830
:103A2400F72BF9D8F02B30D07C4ABA5C002A33D07B
:103A3400F72B00D10CE15246BA583F2AE3D90123AF
:103A4400774A0135BB54A542E9D14646BD23DB0084
:103A5400FB5C002B00D1CAE5009B99469EE501233F
:103A6400994601232FAE33803100002007F044F83B
:103A7400BD23DB00FB5C002B00D17CE51FAB9B4628
:103A8400684B0493684B039388E500235246BB506C
:103A9400624A0133BB52BFE759B2002901DA00F090
:103AA4008FFE0F206149795C8143802901D100F0A8
:103AB4008FFE902901D100F0AEFEB02901D100F0B3
:103AC400F7FEE029A8D15A4EB95D8946481C5949E8
:103AD400B9448C464946C0B26144B8550B700128BC
:103AE4009AD96346BA55FB5C0193EA23DB00FB5C7D
:103AF4000293AF23DB00FE584F4BFB58BFF35F8F9D
:103B04009E4226D0AF23DB00994603216C2331402B
:103B14005943F1239B009C4679186C22404661442A
:103B240006F00AFCBFF35F8F4B460136FE50434B51
:103B34006C22F818414606F0FFFBCB230122DB0080
:103B4400FA544B46FE583C4BFB58BFF35F8F9E42E2
:103B5400DBD1CB23DB00FB5C002B01D101F096FD14
:103B6400374B6C22F818354BF91806F0E5FBD923CE
:103B74000122DB00FA54FE22029B9201DB01134076
:103B84007F2201996C2611402E4A0B4394460F2143
:103B94006344DA170A40D318D8221B11D200BB5051
:103BA400274B3200F918284806F0C6FBBD22012332
:103BB400D200BB54EF239B00F85804338146FB58D2
:103BC400BFF35F8FC31A042B17D04B460320184052
:103BD40083239B009C467043381832001A49604482
:103BE40006F0AAFBBFF35F8FEF214846BD22431CBA
:103BF40089007B500023D200BB546C22134BF8186D
:103C04000F4BF91806F098FB0222034BFF32FA52CD
:103C140002E7C046FF0F0000520700004C070000F7
:103C24004D070000901C0120682101204E07000070
:103C3400510700004F07000074050000EC05000068
:103C44005C06000000E0FFFF4C3301205407000035
:103C54000023F24ABB54F24BFB5C002B00D0DBE6A2
:103C6400E923DB00FB58052B00D8D5E6443ABA5CBF
:103C74007D2A00D0D0E6EB4ABA5C432A00D0CBE6DA
:103C8400E94ABA5C532A00D0C6E6E84ABA5C382A44
:103C940000D0C1E6E64ABA5C302A00D0BCE6E54A68
:103CA400BA5C012A01D100F07BFE022A01D101F0A5
:103CB40051F9052A01D101F04DF9032A01D101F08E
:103CC4009EFC062A01D101F000FD082A00D06DE215
:103CD400072B00D0A0E6D84ABE5C1E4083231B01FC
:103CE400FB5CF340DB0700D496E603996C22404664
:103CF400643106F021FB8422682312019446734345
:103D0400FB1863441B681A00019380235B019A42E9
:103D140001DA01F04FFEC94B019368237343C84A8B
:103D2400FB189A18126811004A1E9141C54A18914D
:103D3400944663441B681A000293E0231B019A42D1
:103D440000DD02938023029A9B009A4200DA0293D8
:103D54006823BD4A73439446FB1863441868802360
:103D64005B01984201DA01F020FEB4488522682301
:103D7400120194467343FB186344196880235B0162
:103D8400994201DA01F0BAFEAC496823AF4A7343A1
:103D94009446FB1863441A68802305925B019A4297
:103DA40001DA01F0A4FEA54B05936823A84A7343E6
:103DB4009446FB1863441B681A00069380235B0136
:103DC4009A4201DA01F08CFE9C4B06936823A14AC7
:103DD40073439446FB1863441B681A0007938023BB
:103DE4005B019A4201DA01F074FE944B0793862238
:103DF4006823120194467343FB1863441B681A003A
:103E0400089380235B019A4201DA01F05BFE8B4B3D
:103E140008936823904A73439446FB1863441B68D1
:103E24001A00099380231B019A4201DB8B4B0993EF
:103E34008B4B099A9A4200DA09936823894A73439F
:103E44009446FB1863441B681A000A9380235B01A1
:103E54009A4201DA01F02FFE784B0A936823824AD2
:103E640073439446FB1863441B681A000B93802326
:103E74005B019A4201DA01F017FE704B0B93872223
:103E84006823120194467343FB1863441B681A00A9
:103E94000C9380235B019A4201DA01F0FEFD674B2B
:103EA4000C936823714A73439446FB1863441B685C
:103EB4001A000D9380235B019A4201DA01F0E6FDBA
:103EC4005E4B0D9368236A4A73439446FB1863441C
:103ED4001B681A000E9380235B019A4201DA01F0F9
:103EE400CEFD564B0E936823624A73439446FB18E7
:103EF40063441B681A000F9380235B019A4201DA22
:103F040001F0B6FD4D4B0F938822682312019446AD
:103F14007343FB1863441B681A00109380235B01EE
:103F24009A4201DA01F09DFD444B10936823524AF2
:103F340073439446FB1863441B681A00119380234F
:103F44005B019A4201DA01F085FD3C4B1193682331
:103F54004A4A73439446FB1863441B681A0012933D
:103F640080235B019A4201DA01F06DFD334B129319
:103F74006823434A73439446FB1863441B681A003E
:103F8400139380235B019A4201DA01F055FD2B4B18
:103F9400139389226823120194467343FB186344E4
:103FA4001B681A00149380235B019A4201DA01F022
:103FB4003CFD224B14936823324A73439446FB1806
:103FC40063441B681A00159380235B019A4201DA4B
:103FD40001F0B4FC194B159368232B4A73439446A0
:103FE400FB1863441B681A00169380235B019A42F2
:103FF40001DA01F09CFC114B16936823234A7343A6
:104004009446FB1863441B68994680235B019945D9
:1040140001DA01F084FC094B994639E04C070000B1
:104024004D070000090700000A0700000B07000005
:104034000C0700000D0700000E070000FF0F000032
:1040440044080000480800004C0800005408000020
:10405400580800005C08000064080000FF07000026
:1040640000F8FFFF680800006C08000074080000F6
:10407400780800007C08000084080000880800001C
:104084008C08000094080000980800009C080000B8
:104094008A226823120194467343FB1863441B6805
:1040A4001A00179380235B019A4201DA01F030FC75
:1040B4008F4B179368238F4A73439446A822FB18A7
:1040C40063441B68D201934200DD13008A4A934281
:1040D40000DA1300424613604346019A18615A609D
:1040E400189A59619A60029A4146DA60059A9A616F
:1040F400069ADA61079A1A62089A5A620A9A9A62C6
:104104000B9ADA620C9A1A630D9A5A630E9A9A639E
:104114000F9ADA63109A1A64119A5A64129A7748B9
:104124009A64139ADA64149A1A65159A5A65169A57
:104134009A65179ADA65099A5A664A469A666C230A
:1041440099461A0006F0F8F84A466C496C4806F09D
:10415400F3F8BD220123D200BB54EF239B00FA588D
:104164000433FB58BFF35F8FD31A042B18D00320FA
:104174004B4610405843A133FF339C4638180192F4
:104184005F494A46604406F0D7F8BFF35F8FEF21DA
:10419400019A8900531CBD227B500023D200BB54DA
:1041A4000122584BFE54584BFA5435E40A2A01D0E4
:1041B40001F04DFA072B00D02EE4544A8320BA5C58
:1041C40000011A40063B9340395C9943504B3954E3
:1041D400FB5C934201D101F0D3FB3800FDF7E2FE12
:1041E400F8230122DB00FA5416E4DA43D217134011
:1041F400FFF7E9FBD143C9170A40FFF7D5FBD143C9
:10420400C9170A40FFF7C1FBD143C9170A40FFF79A
:10421400ADFBD143C9170A40FFF799FBD143C91736
:104224000A40FFF785FBD143C9170A40FFF755FB46
:10423400D143C9170A40FFF741FBD143C9170A40CC
:10424400FFF72DFBD143C9170A40FFF719FBD143F0
:10425400C9170A40FFF705FBD143C9170A40FFF706
:10426400F1FAD143C9170A40FFF7DDFAD143C91760
:104274000A40FFF7C9FAD143C9170A40FFF7B6FA53
:10428400D143C9170A40FFF7A4FAD143C9170A401A
:10429400FFF78EFAD143C9170A40FFF77CFAD143DE
:1042A400C9170A40FFF76AFAD143C9170A40FFF752
:1042B40058FAD143C9170A40FFF746FAD143C91740
:1042C4000A40FFF734FAD143C9170A40FFF722FA2C
:1042D400D143C9170A40FFF70DFAD143C9170A4061
:1042E400FFF7FBF9D143C9170A40FFF7E9F9C046C4
:1042F400FF0F00003C08000000D0FFFF94350120B0
:104304004C330120C2070000C10700000E07000063
:1043140031080000E94BFA5C0023F387E84B2F9344
:10432400E84BB380052333720433B37176331340FF
:104334008022120194468022F371E34B5201FB5810
:104344009B106344934200DA32E2E04B7F221A402E
:10435400DB09B372F92372728022DB00FB5852012D
:10436400934200DA20E2D94B7F221A40F272802273
:10437400DB093373D64B5201FB58934200DA0FE248
:10438400D24B7F221A40DB09B373FA237273D14AEA
:10439400DB0094468022FB5852016344934200DAC6
:1043A400FAE1CA4B7F221A40F2738022DB0933748C
:1043B400C94B5201FB58934200DAE9E1C34B7F2217
:1043C4001A40DB09B374FB2372748022DB00FB58B0
:1043D4005201934200DAD7E1BC4B7F221A40F274B7
:1043E4008022DB093375BD4B5201FB58934200DA3E
:1043F400C6E1B64B7F221A40DB09B375FC23727504
:104404008022DB00FB585201934200DAB4E1AF4B47
:104414007F221A40F2758022DB093376B04B5201B9
:10442400FB58934200DAA3E1A84B7F221A40DB0930
:10443400B376FD2372768022DB00FB58520193424F
:1044440000DA91E1A14B7F221A40F2768022120118
:1044540094468022DB093377A24B5201FB58634414
:10446400934200DA7CE1994B7F221A4072778022D2
:10447400DB09B3779C4B5201FB58934200DA6BE1A2
:10448400924B7F221A40F2772022DB09B354FE2399
:104494008022DB00FB585201934200DA58E18B4B37
:1044A4007F2221211A4072542222DB09B354802234
:1044B4008E4B5201FB58934200DA45E1834B7F2235
:1044C40023211A4072542422DB09B354FF2380228F
:1044D400DB00FB585201934200DA31E17B4B7F222F
:1044E40025211A4072542622DB09B3548022804BC2
:1044F4005201FB58934200DA1EE1744B7F222721BC
:104504001A4072542822DB09B354802380221B01F1
:10451400FB585201934200DA0AE16C4B7F222921B5
:104524001A4072542A22DB09B3548022714B52017F
:10453400FB58934200DAF7E0644B7F222B211A40A8
:1045440072542C22DB09B35480226B4B5201FB586A
:10455400934200DAE4E05D4B7F222D211A4072542D
:104564002E22DB09B3548022644B5201FB58934240
:1045740000DAD1E0554B7F222F211A4072543022A9
:10458400DB09B354812380221B01FB58520193425F
:1045940000DA8EE04D4B7F2231211A4072543222D0
:1045A400DB09B3548022564B5201FB5893427CDB07
:1045B400464B7F2233211A4072543422DB09B35410
:1045C4008022504B5201FB5893426ADB3F4B7F22BF
:1045D40035211A4072543622DB09B35480224A4BE7
:1045E4005201FB58934258DB384B7F2237211A4043
:1045F40072543822DB09B3548022444B5201FB58D5
:10460400934246DB314B7F2239211A4072543A22BD
:10461400DB09B354822380221B01FB5852019342CD
:1046240033DB2A4B7F223B211A4072543C22DB09A4
:10463400B3543D23BB32F254002132000133002035
:1046440007F0D4F80022324BFA54FFF711F8F7229E
:104654001B4B7F212F931B4BB272B3808322072302
:104664001201B371BA5C00201140D2093272294A96
:10467400F171BA5C00211340737232000B2307F00E
:10468400B5F800233B55FEF7EDFFDA43D21713408C
:10469400C8E7DA43D2171340B5E7DA43D217134019
:1046A400A3E7DA43D217134091E7DA43D217134052
:1046B4007FE7DA43D21713406DE7C046C207000014
:1046C400F07D435338300000C4070000FF0F0000A2
:1046D400CC07000000FEFFFFD4070000DC07000049
:1046E400E407000028080000EC070000F4070000BD
:1046F400FC07000004080000080800000C08000083
:1047040014080000180800001C0800002C08000011
:10471400C107000031080000DA43D21713402AE72A
:10472400DA43D217134017E7DA43D217134004E7EA
:10473400DA43D2171340F1E6DA43D2171340DDE629
:10474400DA43D2171340CAE6DA43D2171340B6E667
:10475400DA43D2171340A3E6DA43D217134090E6A4
:10476400DA43D21713407FE6DA43D21713406AE6DE
:10477400DA43D217134058E6DA43D217134047E618
:10478400DA43D217134035E6DA43D217134024E64E
:10479400DA43D217134012E6DA43D217134001E684
:1047A400DA43D2171340ECE5DA43D2171340DBE5C2
:1047B400DA43D2171340C9E5704BFB18FEF76BFFC1
:1047C400EF2B6FD86E497B546E4BFA54FFF724F9E4
:1047D4006C4EB95D8946481C6B49B9448C464946C0
:1047E400C0B26144B8550B70012801D8FFF714F921
:1047F400BA55664BFA5C002A01D1FFF70DF9624AFB
:10480400B95C634ABA5C914201D0FFF705F9002212
:10481400FA54FFF701F95B4EB95D8946481C5A49C1
:10482400B9448C464946C0B26144B8550B7001285E
:1048340001D8FFF7F1F8EA23BA55DB00FB5C002B43
:10484400D7D0514BF95C524BF95401214F4BF954D9
:10485400EA235B00FA500C33FA54083BFA585F2AF7
:1048640001DC6022FA50EE235B00FA587F2A01DC57
:104874008022FA50F82200235200BB500C32BB5461
:10488400F533FF33FA585F2A01DC6022FA50FC2327
:104894005B00FA587F2A01DDFFF7BEF88022FA5048
:1048A400FFF7BAF8364BFA54364BFA54FFF7B4F81C
:1048B400344EB95D8946481C3349B9448C4649464F
:1048C400C0B26144B8550B70012801D8FFF7A4F8B1
:1048D4006346BA55FB5C0193EA23DB00FB5C02935D
:1048E400AF23DB009946FE582A4BFB58BFF35F8F7A
:1048F4009E421DD003216C2331405943F1239B0078
:104904009C4679186C224046614405F015FDBFF3BE
:104914005F8F4B460136FE501F4B6C22F818414600
:1049240005F00AFDCB230122DB00FA544B46DAE7FB
:10493400CB23DB00FB5C002B01D100F069FE174B9D
:104944006C22F818144BF91805F0F6FCD92301224F
:10495400DB00FA547F26029B310033401803C01A4F
:1049640005F0BAFA019B3340013BDBB25C2B01D961
:10497400FFF752F8049A9B00D3589F46540700004F
:104984004E070000510700004F0700000107000018
:104994000207000074050000EC0500005C0600003E
:1049A4003B2B01D0FFF738F8EA4BFB5C052B01D019
:1049B400FFF732F803996B326431404605F0BCFCD2
:1049C400E2237F21E44ADB00FB5CBA5C0B400A4033
:1049D400DB01134380225201934201DB00F0DBFE32
:1049E400DE4A7F21944663449B001893DC4BDD4AE6
:1049F400FB5CBA5C0B40DB010A40134399468023FD
:104A04005B01994501DB00F0C2FE7F22D64BD749FA
:104A1400FB5C795C13401140DB010B4319004B1E16
:104A24009941D34B1B91D349FB5C795C1340DB0167
:104A34000A40134380225201934201DB00F0A4FE9A
:104A440080229200944663441A000193E0231B01E0
:104A54009A4201DD00F095FEE3237F21C64ADB0084
:104A6400FB5CBA5C0B400A40DB0113431A0002935F
:104A740080235B019A4201DB00F07FFE7F21BF4B64
:104A8400BF4AFB5CBA5C0B400A40DB0113431A00CB
:104A9400059380235B019A4201DB00F06AFE7F21CB
:104AA400B84BB94AFB5CBA5C0B400A40DB011343C8
:104AB4001A00069380235B019A4201DB00F055FE45
:104AC4007F21B24BB24AFB5CBA5C0B400A40DB016B
:104AD40013431A00079380235B019A4201DB00F021
:104AE40040FEE4237F21AB4ADB00FB5CBA5C0B4055
:104AF4000A40DB0113431A00089380235B019A42A6
:104B040001DB00F02AFE7F21A34BA44AFB5CBA5CC4
:104B14000B400A40DB0113431A00099380235B0115
:104B24009A4201DB00F015FE7F219D4B9D4AFB5C00
:104B3400BA5C0B400A40DB011343802252019342CA
:104B440001DB00F003FE854A7F21944663441993F8
:104B5400954B964AFB5CBA5C0B400A40DB0113435D
:104B64001A000A9380235B019A4201DB00F0EAFDFC
:104B7400E5237F218E4ADB00FB5CBA5C0B400A40D4
:104B8400DB0113431A000B9380235B019A4201DB80
:104B940000F0D4FD7F21874B874AFB5CBA5C0B4055
:104BA4000A40DB0113431A000C9380235B019A42F1
:104BB40001DB00F0BFFD7F21804B814AFB5CBA5CC6
:104BC4000B400A40DB0113431A000D9380235B0161
:104BD4009A4201DB00F0AAFD7F217A4B7A4AFB5C02
:104BE400BA5C0B400A40DB0113431A000E93802386
:104BF4005B019A4201DB00F095FDE6237F21734AB5
:104C0400DB00FB5CBA5C0B400A40DB0113431A0077
:104C14000F9380235B019A4201DB00F07FFD7F212B
:104C24006B4B6C4AFB5CBA5C0B400A40DB011343E0
:104C34001A00109380235B019A4201DB00F06AFDA5
:104C44007F21654B654AFB5CBA5C0B400A40DB0183
:104C540013431A00119380235B019A4201DB00F095
:104C640055FD7F215E4B5F4AFB5CBA5C0B400A40FA
:104C7400DB0113431A00129380235B019A4201DB88
:104C840000F040FDE7237F21574ADB00FB5CBA5C60
:104C94000B400A40DB0113431A00139380235B018A
:104CA4009A4201DB00F02AFD7F21504B504AFB5C05
:104CB400BA5C0B400A40DB0113431A0014938023AF
:104CC4005B019A4201DB00F015FD7F21494B4A4A02
:104CD400FB5CBA5C0B400A40DB0113431A001593DA
:104CE40080235B019A4201DB00F000FD7F21434BEE
:104CF400434AFB5CBA5C0B400A40DB0113431A00D5
:104D0400169380235B019A4201DB00F0EBFCE8235D
:104D14007F213C4ADB00FB5CBA5C0B40DB010A40B0
:104D240013431E0080235B019E4201DB00F0D7FC8D
:104D34007F21354B354AFB5CBA5C0B400A40DB01F2
:104D440013431A00179380235B019A4201DB00F09E
:104D5400C2FC5DE00E0700000F07000000F8FFFF33
:104D640012070000110700001407000013070000D9
:104D74001607000015070000170700001A070000B7
:104D8400190700001C0700001B0700001E07000095
:104D94001D0700001F070000220700002107000074
:104DA4002407000023070000260700002507000051
:104DB400270700002A070000290700002C0700002D
:104DC4002B0700002E0700002D0700002F0700000E
:104DD40032070000310700003407000033070000E9
:104DE4003607000035070000370700003A070000C7
:104DF400390700003C0700003B0700003E070000A5
:104E04003D0700003F070000420700004107000083
:104E14004346189A41461A604A465A601B9A9A6059
:104E2400019ADA60029A1A61059A5A61069A9A619D
:104E3400079ADA61089A1A62099A5A620A9A9A6275
:104E44000B9ADA620C9A1A630D9A5A630E9A9A6351
:104E54000F9ADA63109A1A64119A9E665A64129A27
:104E64003A489A64139ADA64149A1A65159A5A6538
:104E7400169A9A65179ADA65199A5A666C2205F099
:104E84005BFABD220123D200BB54EF239B00FA58E6
:104E94000433FB58BFF35F8FD31A042B18D00320BD
:104EA4006C2310405843A133FF339C4638181A92A0
:104EB40026496C22604405F03FFABFF35F8FEF216F
:104EC4001A9A8900531CBD227B500023D200BB5484
:104ED4004346189A41461A604A465A601B9A9A6099
:104EE400019ADA60029A1A61059A5A61069A9A61DD
:104EF400079ADA61089A1A62099A5A620A9A9A62B5
:104F04000B9ADA620C9A1A630D9A5A630E9A9A6390
:104F14000F9ADA63109A1A64119A9E665A64129A66
:104F24009A64139ADA64149A1A65159A5A65169A49
:104F34009A65179ADA65199A5A66054B6C22F8181D
:104F4400FEF760FE02239946FEF78BFD4C330120E9
:104F5400540700003C2B01D0FEF75EFDE14BFB5CE7
:104F6400052B01D0FEF758FDDF4B0399FB5C6C2247
:104F7400643140461C9305F0DFF9E2227F21DB4BCC
:104F8400D200FB5CBA5C0B400A40DB011343802275
:104F94005201934201DB00F080FCD54A7F21944604
:104FA40063449B001993D34BD34AFB5CBA5C0B401C
:104FB400DB010A401343994680235B01994500DBDA
:104FC400EEE37F22CD4BCE49FB5C795C134011406C
:104FD400DB010B4319004B1E9941CA4B1B91CA4973
:104FE400FB5C795C1340DB010A40134380225201CD
:104FF400934200DBD2E380229200944663441A0079
:105004000193E0231B019A4201DD00F019FCE32225
:105014007F21BE4BD200FB5CBA5C0B400A40DB0133
:1050240013431A00029380235B019A4201DB00F0D0
:1050340003FC7F21B64BB74AFB5CBA5C0B400A40C9
:10504400DB0113431A00059380235B019A4200DBC2
:10505400B7E37F21B04BB14AFB5CBA5C0B400A401A
:10506400DB0113431A00069380235B019A4200DBA1
:10507400A4E37F21AA4BAB4AFB5CBA5C0B400A4019
:10508400DB0113431A00079380235B019A4200DB80
:1050940091E3E4227F21A44BD200FB5CBA5C0B4079
:1050A4000A40DB0113431A00089380235B019A42F0
:1050B40000DB7DE37F219D4B9D4AFB5CBA5C0B408A
:1050C4000A40DB0113431A00099380235B019A42CF
:1050D40000DB6AE37F21974B974AFB5CBA5C0B4089
:1050E4000A40DB01134380225201934200DB5AE35E
:1050F4007F4A7F21944663441A93904B904AFB5C09
:10510400BA5C0B400A40DB0113431A000A93802364
:105114005B019A4200DBBDE3E5227F21894BD2008B
:10512400FB5CBA5C0B400A40DB0113431A000B938F
:1051340080235B019A4200DBA9E37F21824B834AEF
:10514400FB5CBA5C0B400A40DB0113431A000C936E
:1051540080235B019A4200DB96E37F217C4B7D4AEE
:10516400FB5CBA5C0B400A40DB0113431A000D934D
:1051740080235B019A4200DB83E37F21764B774AED
:10518400FB5CBA5C0B400A40DB0113431A000E932C
:1051940080235B019A4200DB70E3E6227F21704B9F
:1051A400D200FB5CBA5C0B400A40DB0113431A00DB
:1051B4000F9380235B019A4200DB5CE37F21694B00
:1051C400694AFB5CBA5C0B400A40DB0113431A00DA
:1051D400109380235B019A4200DB49E37F21634BF8
:1051E400634AFB5CBA5C0B400A40DB0113431A00C0
:1051F400119380235B019A4200DB36E37F215D4BF0
:105204005D4AFB5CBA5C0B400A40DB0113431A00A5
:10521400129380235B019A4200DB23E3E7227F2180
:10522400564BD200FB5CBA5C0B400A40DB011343D3
:105234001A00139380235B019A4200DB0FE37F2162
:105244004F4B504AFB5CBA5C0B400A40DB011343F2
:105254001A00149380235B019A4200DBFCE27F2155
:10526400494B4A4AFB5CBA5C0B400A40DB011343DE
:105274001A00159380235B019A4200DBE9E27F2147
:10528400434B444AFB5CBA5C0B400A40DB011343CA
:105294001A00169380235B019A4200DBD6E2E822CF
:1052A4007F213D4BD200FB5CBA5C0B400A40DB0122
:1052B40013431A00179380235B019A4200DBC2E276
:1052C4007F21364B364AFB5CBA5C0B400A40DB015B
:1052D40013431A00189380235B019A4200DBDFE238
:1052E40060E0C0460F0700000E0700001107000031
:1052F40000F8FFFF13070000120700001507000065
:105304001407000017070000160700001907000023
:105314001B0700001A0700001D0700001C070000FF
:105324001F0700001E0700002107000023070000DC
:1053340022070000250700002407000027070000BB
:1053440026070000290700002B0700002A07000099
:105354002D0700002C0700002F0700002E07000077
:105364003107000033070000320700003507000052
:105374003407000037070000360700003907000033
:105384003B0700003A0700003D0700003C0700000F
:105394003F0700003E0700004107000043070000EC
:1053A4004207000083231B01FB5C199A1D934346AB
:1053B4001A604A465A601B9A41469A60019ADA601A
:1053C400029A1A61059A5A61069A9A61079ADA61F1
:1053D400089A1A62099A5A620A9A9A620B9ADA62CB
:1053E4000C9A1A630D9A5A630E9A9A630F9ADA63A7
:1053F400109AF5481A64119A5A64129A9A64139A84
:10540400DA64149A1A65159A5A65169A9A65189A5E
:10541400DA651A9A5A66179A9A666C2204F08CFF17
:10542400BD220123D200BB54EF239B00FE5804335A
:10543400FB58BFF35F8FF31A042B16D003206C23A1
:1054440030405843A133FF339C4638186C22DE4960
:10545400604404F071FFBFF35F8FEF21731CBD2222
:1054640089007B500023D200BB5407261C9BD74ADB
:1054740033401E00682373431999FB189A1811606E
:105484008422494612019A181160D14A1B999A182C
:105494001160D04A01999A181160CF4A02999A185A
:1054A40011608522059912019A181160CB4A069958
:1054B4009A181160CA4A07999A181160C94A08993A
:1054C4009A1811608622099912019A181160C64A25
:1054D4001A999A181160C54A0A999A181160C44A0F
:1054E4000B999A18116087220C9912019A1811606D
:1054F400C04A0D999A181160BF4A0E999A18116002
:10550400BE4A0F999A1811608822109912019A18AC
:105514001160BB4A11999A181160BA4A12999A18E3
:105524001160B94A13999A181160892214991201C9
:105534009A181160B54A15999A181160B44A1699C7
:105544009A181160B34A17999A1811608A221201A5
:105554009446189A63441A6001228321B2400901D7
:105564007B5C13437B541D9B002B01D1AA4BFE543F
:105574003800FCF717FDA94B199AFE5443461A60EC
:105584004A465A601B9A41469A60019ADA60029A26
:105594001A61059A5A61069A9A61079ADA61089A19
:1055A4001A62099A5A620A9A9A620B9ADA620C9AF5
:1055B4001A630D9A5A630E9A9A630F9ADA63109AD1
:1055C4001A64119A5A64129A9A64139ADA64149AAD
:1055D4001A65159A5A65169A9A65189ADA651A9A86
:1055E4005A66179A9A668E4B6C22F81804F0A4FE39
:1055F400F8230222DB00FF32FA52FEF70DFA062BE3
:1056040001D0FEF709FA0122864BFA52FEF704FA9A
:10561400D926F600BB5D002B01D0FFF79BF93900BA
:105624006D316422FF31404604F086FEDF227E4B5A
:10563400D200FB58BA5849937C4B4892F8186C2214
:10564400414604F079FE0123BB55FFF783F90B2A89
:1056540001D0FEF7E1F9072B01D0FEF7DDF9744B19
:10566400043AFB5C0126134083221201BA5CDA403F
:10567400324201D1FEF7D0F9674A3800BB54FCF737
:1056840091FCF823DB00FE54FEF7C6F9D926F60098
:10569400BB5D002B01D0FEF76EFA39006D31642238
:1056A400FF31404604F048FEDF225F4BD200FB5836
:1056B400BA5849935D4B4892F8186C22414604F05D
:1056C4003BFE0123BB55FEF756FA062B01D0FEF72D
:1056D400A3F9FEF785FD574B1793FFF799FB554E3A
:1056E400FFF726FB534B1693FFF711FB514B159312
:1056F400FFF7FCFA4F4B1493FFF7E7FA4D4B139364
:10570400FFF7D2FA4B4B1293FFF7BCFA494B1193B4
:10571400FFF7A7FA474B1093FFF792FA454B0F9305
:10572400FFF77DFA434B0E93FFF767FA414B0D9356
:10573400FFF752FA3F4B0C93FFF73DFA3D4B0B93A7
:10574400FFF728FA3B4B0A93FFF712FA394BFFF79E
:10575400FAF9384B0993FFF7E7F9364B0893FFF74B
:10576400D2F9344B0793FFF7BCF9324B0693FFF79A
:10577400A7F9304B0593FFF792F92E4B0293FFF7ED
:105784007DF90193FFF768F92A4BFFF759F9294B83
:105794009946FFF73AF9274BFFF722F9254B2AE4FC
:1057A400244B99460DE4234BA2E4224B099391E444
:1057B400204B08937EE41F4B07936AE41D4B06932A
:1057C40057E41C4B059344E44C3301203C0800008F
:1057D40044080000480800004C0800005408000079
:1057E400580800005C080000640800006808000015
:1057F4006C08000074080000780800007C080000B1
:1058040084080000880800008C0800009408000048
:10581400980800009C08000031080000C20700003E
:10582400C407000052070000F40600005C060000F4
:105834000E070000FF0F0000B44B0293FFF7F9FBC3
:105844000193FFF7E4FBB14B179339E5AF4B169384
:1058540025E5AE4B159312E5AC4B1493FFE4AB4B2B
:105864001393ECE4A94B1293D8E4A84B1193C5E429
:10587400A64B1093B2E4A54B0F939FE4A34B0E9356
:105884008BE4A24B0D9378E4A04B0C9365E49F4BFF
:105894000B9352E49D4B0A933EE49C4BFFF77DFB34
:1058A4009A4B18937EE59A4BF8509A4B6C22F91850
:1058B400BD26994804F040FD0123F600BB55EF23B3
:1058C4009B00F95804338946FB58BFF35F8FCB1A0A
:1058D400042B01D1FEF791F9032008406C214843C1
:1058E400A131FF318C4638186C228B49604404F096
:1058F40023FDBFF35F8FEF22494692004B1CBB5040
:105904000023BB55FEF779F9D223DB00F850CCE72E
:10591400179AD343DB171A401792FEF7CBFB4B467B
:10592400DB434A46DB171A409146FEF7B1FB169A51
:10593400D343DB171A401692FEF75FFB159AD34345
:10594400DB171A401592FEF747FB744BF850ACE78F
:10595400D123DB00F850A8E7714BF850A5E7714B51
:10596400F850A2E7704BF8509FE7D723DB00F850BC
:105974009BE76E4BF85098E7D323DB00F85094E78D
:10598400002301200E00DE4032000240064200D017
:10599400B9E00133082BF5D11300654ABB54FEF777
:1059A4001CFCD623DB00F8507FE7C343DB17184009
:1059B400FEF7DCF9019AD343DB171A400192FEF794
:1059C400ACF95C4BF85070E7CF23DB00F8506CE780
:1059D400594BF85069E780239B009C46E0236044C0
:1059E4001B01984200DD1800CD23DB00F8505CE772
:1059F400524BF85059E7D423DB00F85055E7CC2339
:105A0400DB00F85051E74E4BF8504EE74D4BF85041
:105A14004BE7D523DB00F85047E7D023DB00F850F1
:105A240043E7CE23DB00F8503FE7149AD343DB1758
:105A34001A401492FEF7BFFA139AD343DB171A40A5
:105A44001392FEF7A6FA129AD343DB171A40129266
:105A5400FEF78EFA119AD343DB171A401192FEF720
:105A640076FA109AD343DB171A401092FEF75EFAC7
:105A74000F9AD343DB171A400F92FEF745FA0E9A9A
:105A8400D343DB171A400E92FEF72DFA0D9AD34337
:105A9400DB171A400D92FEF715FA0C9AD343DB1765
:105AA4001A400C92FEF7FDF90B9AD343DB171A4008
:105AB4000B92FEF7E4F90A9AD343DB171A400A92D1
:105AC400FEF7CCF9089AD343DB171A400892FEF785
:105AD400A0F9079AD343DB171A400792FEF787F918
:105AE400069AD343DB171A400692FEF76FF9059A1C
:105AF400D343DB171A400592FEF757F9CB43DB1764
:105B04001940FEF742F9DBB247E7C046FF0F000039
:105B1400AC0600005C0600004C3301206C0600005B
:105B24008C06000084060000C406000094060000F1
:105B340031080000740600007C0600009C0600008A
:105B4400A4060000B4060000024B1A78002A00D113
:105B540018707047CC4D0120034B1A78824201D152
:105B640000221A707047C046CC4D0120F0B545465E
:105B7400DE4657464E46E0B5934B944C1B78804620
:105B8400A544834238D1002936D000231EAAD370FD
:105B94003AAB9B468E4F1EA980235A46404603319A
:105BA40002F064FB002827D058445D460400C14637
:105BB400884E09E0501C785040398C46BA1862442B
:105BC40013700135A54215D02B78F72BF9D8F02B9B
:105BD4001AD0BA5D002A1ED0F72B00D116E1E921B4
:105BE400C9007A583F2AE5D901227B4B0135FA5482
:105BF400A542E9D1C846CEE7784B9D44F0BCBB46EC
:105C0400B246A946A046F0BDE9230022DB00FA50C3
:105C14000123BB53D5E759B2002900DAFBE10F2079
:105C24006F49795C8143802900D1FBE1902900D13F
:105C34001BE2B02900D1A1E2E029C2D169498C4616
:105C4400795C8846481C6146B844C246C0B2785460
:105C540065498846514641440B700128B1D96346D1
:105C6400FA544346FB5C0093EA23DB00FB5C01939C
:105C7400AF23DB00FB5898465C4BFB58BFF35F8FA8
:105C840043452AD09AAB9A462300444698460321BA
:105C94006C2321405943F1239B009C4679186C22C4
:105CA4005046614404F048FBBFF35F8FAF23504A72
:105CB400DB00B81851466C220134FC5004F03CFB64
:105CC400CB230122DB00FA54E03BFC58474BFB5842
:105CD400BFF35F8F9C42DAD14446CB23DB00FB5CED
:105CE400002B01D001F02DFAD923DB009846FB5C90
:105CF400002B18D139009AAB6D3164221800FF31A2
:105D04009A4604F019FBDF223A4BD200FB58BA58EA
:105D1400B493394BB392F8186C22514604F00CFB3F
:105D240001234246BB54FE22019B9201DB01134036
:105D34007F2200990A401343304A94460F22634459
:105D4400D9170A40D318D8221B11D200BB502C4BB0
:105D54006C229A46284BBA44F918504604F0ECFADF
:105D6400BD220123D200BB54EF239B00F858043317
:105D74008046FB58BFF35F8FC31A042B17D003234D
:105D840003406C20584383239B009C4638186C22A4
:105D94005146604404F0D0FABFF35F8FEF214046D0
:105DA400BD22431C89007B500023D200BB546C22CB
:105DB400144BF818104BF91804F0BEFA0222124BD7
:105DC400FF32FA52FDE6C046CC4D012044FAFFFFF3
:105DD400D02D01204C0700004D070000BC05000039
:105DE4004E070000510700004F0700007405000033
:105DF400EC050000F40600005C06000000E0FFFF74
:105E04007C05000054070000520700000023BB5526
:105E1400BC4BFB5C002B00D0D3E6E923DB00FB5832
:105E2400052B00D8CDE6E122D200BA5C7D2A00D051
:105E3400C7E6B54ABA5C432A00D0C2E6B34ABA5CA4
:105E4400532A00D0BDE6B24ABA5C382A00D0B8E67C
:105E5400B04ABA5C302A00D0B3E6AF4ABA5C012A31
:105E640000D123E2022A01D100F0FCFC052A01D171
:105E740000F0F8FC032A01D101F014FC062A01D138
:105E840001F019FC082A01D101F06CF90A2A01D1A8
:105E940001F017FC0B2A00D093E6072B00D090E604
:105EA4009E4B043AFB5C1A4083231B01FB5C904627
:105EB4000093D34001221100194001911A4200D1EC
:105EC4007FE64246964B0021FA549AAA9246D4227F
:105ED4005046920004F02AFA5246924B9DA89A9397
:105EE400914B9B93009B1372534642465A728F4BBD
:105EF4006822F91804F020FA8D4B6822F918B7A823
:105F040004F01AFA8B4B6822F918D1A804F014FA99
:105F1400894B6822F918EBA804F00EFA874BFFA806
:105F2400F9186822183004F007FA854BFFA8F9180D
:105F34006822803004F000FA824BFFA8F918682226
:105F4400E83004F0F9F9804B8048F9186822684475
:105F540004F0F2F91EAB9C4651467D487D4A6044EC
:105F64000B7801315A4013049B185B009B18DB002B
:105F74009B18DB009B185B009A188142F0D1D32355
:105F840051469B00CA507449664A0868904201D140
:105F940001F093FDEFF3108372B680216F4849013D
:105FA40002930AF0EBFE1EAAF0239446FF336344E7
:105FB40098466B4B2A009A465AAB009323004546F9
:105FC400544690469A468022FF210098520004F0DD
:105FD400ADF90221BC46019BFF3109E0EF27EA5CE1
:105FE4001EA8C019C25401338B4201D101F0A8FD8F
:105FF400A342F3D1802200995A48520045465446A0
:1060040067460AF003FF029B83F31088F8230122FA
:10601400DB00FA54D5E5EF2B6ED853497B54534B30
:10602400FA54CEE551498C46795C8846481C614651
:10603400B844C246C0B278544D498846514641449A
:106044000B70012800D8BCE56346FA54494BFA5C4E
:10605400002A00D1B5E5464AB95C474ABA5C914288
:1060640000D0AEE50022FA54ABE540498C46795C99
:106074008846481C6146B844C246C0B278543C497C
:106084008846514641440B70012800D899E563467F
:10609400FA54013BFB5C002BD8D04346F95C364BE9
:1060A400F9540121334BF954EA235B00FA500C33C1
:1060B400FA54083BFA585F2A01DC6022FA50EE23B6
:1060C4005B00FA587F2A01DC8022FA50F822002370
:1060D4005200BB500C32BB54F533FF33FA585F2ADD
:1060E40001DC6022FA50FC235B00FA587F2A00DDB1
:1060F40067E58022FA5064E51B4BFA541B4BFA54B3
:106104005FE5C0464D070000090700000A070000CC
:106114000B0700000C0700000D0700000E0700002D
:106124003108000030385343080050033C08000095
:10613400A40800000C09000074090000DC09000038
:10614400440A0000AC0A0000140B00004C050000D7
:106154003C050000C59D1C8100F01F1000F01F00CD
:106164005103000000F31F004E0700005107000018
:106174004F070000010700000207000044498C4655
:10618400795C8846481C6146B844C246C0B278541B
:1061940040498846514641440B70012800D810E517
:1061A4006346FA544346FB5C0093EA23DB00FB5C42
:1061B4000193AF23DB00FB589846374BFB58BFF3E2
:1061C4005F8F43452AD09AAB9A46230044469846AB
:1061D40003216C2321405943F1239B009C467918E9
:1061E4006C225046614404F0A7F8BFF35F8FAF23DD
:1061F4002A4ADB00B81851466C220134FC5004F0E2
:106204009BF8CB230122DB00FA54E03BFC58224BE1
:10621400FB58BFF35F8F9C42DAD14446CB23DB00AB
:10622400FB5C002B01D000F07FFFD923DB009846F4
:10623400FB5C002B18D139009AAB6D316422180035
:10624400FF319A4604F078F8DF22154BD200FB5850
:10625400BA58B493134BB392F8186C22514604F015
:106264006BF801234246BB547F2398464246019B68
:106274007F2113401803C01A03F02EFE4246009BF0
:1062840013405D2B00D99CE49A00074B9B589F4612
:10629400510700004F07000074050000EC050000E2
:1062A400F40600005C060000041E01203B2B00D015
:1062B40087E4E54BFB5C052B00D082E49AAB180025
:1062C400E2496B329A4604F037F8E2237F22E04930
:1062D400DB00FB5C795C1340DB010A401343802242
:1062E4005201934200DBDB4BDB4ADC4994467F22BC
:1062F40063449B001693DA4B795CFB5C1340DB012F
:106304000A401343984680235B01984501DBD14B37
:1063140098467F22D34BD449FB5C795C13401140EF
:10632400DB010B4319004B1E9941D04B1991D04905
:10633400FB5C795C1340DB010A4013438022520169
:10634400934200DBC34B80229200944663441A00BC
:106354000093E0231B019A4200DD0093E3237F2294
:10636400C449DB00FB5C795C1340DB010A40134346
:106374001A00019380235B019A4201DBB54B019320
:106384007F22BD4BBD49FB5C795C1340DB010A40B5
:1063940013431A00029380235B019A4201DBAD4B45
:1063A40002937F22B64BB749FB5C795C1340DB0157
:1063B4000A4013431A00039380235B019A4201DBD2
:1063C400A44B03937F22B04BB049FB5C795C134030
:1063D400DB010A4013431A00049380235B019A42B1
:1063E40001DB9C4B0493E4237F22A949DB00FB5C83
:1063F400795C1340DB010A4013431A0005938023A0
:106404005B019A4201DB934B05937F22A14BA24986
:10641400FB5C795C1340DB010A4013431A000693CA
:1064240080235B019A4201DB8A4B06937F229B4BBC
:106434009B49FB5C795C1340DB010A4013438022D7
:106444005201934200DB834B834A964994467F2250
:1064540063441793944B795CFB5C1340DB010A4063
:1064640013431A00079380235B019A4201DB794BA3
:106474000793E5237F228D49DB00FB5C795C1340A5
:10648400DB010A4013431A00089380235B019A42FC
:1064940001DB704B08937F22854B8649FB5C795C5A
:1064A4001340DB010A4013431A00099380235B0164
:1064B4009A4201DB674B09937F227F4B7F49FB5C48
:1064C400795C1340DB010A4013431A000A938023CA
:1064D4005B019A4201DB5F4B0A937F22784B794937
:1064E400FB5C795C1340DB010A4013431A000B93F5
:1064F40080235B019A4201DB564B0B93E6237F22F8
:106504007149DB00FB5C795C1340DB010A401343F7
:106514001A000C9380235B019A4201DB4D4B0C93D0
:106524007F226A4B6A49FB5C795C1340DB010A40B9
:1065340013431A000D9380235B019A4201DB454B00
:106544000D937F22634B6449FB5C795C1340DB0150
:106554000A4013431A000E9380235B019A4201DB25
:106564003C4B0E937F225D4B5D49FB5C795C134091
:10657400DB010A4013431A000F9380235B019A4204
:1065840001DB344B0F93E7237F225649DB00FB5C8E
:10659400795C1340DB010A4013431A0010938023F3
:1065A4005B019A4201DB2B4B10937F224E4B4F49E8
:1065B400FB5C795C1340DB010A4013431A0011931E
:1065C40080235B019A4201DB224B11937F22484BCB
:1065D4004849FB5C795C1340DB010A4013431A0011
:1065E400129380235B019A4201DB1A4B12937F22A0
:1065F400414B4249FB5C795C1340DB010A40134385
:106604001A00139380235B019A4201DB114B13930D
:10661400E8237F223A49DB00FB5C795C1340DB0111
:106624000A4013431A00149380235B019A4201DB4E
:10663400084B14937F22334B3349FB5C795C134042
:10664400DB010A4062E0C0460E070000CC210120B5
:106654000F070000FF0F000000F8FFFF1107000004
:1066640012070000140700001307000016070000BB
:1066740015070000170700001A070000190700009B
:106684001C0700001B0700001E0700001D07000078
:106694001F07000022070000210700002407000054
:1066A4002307000025070000260700002707000035
:1066B4002A070000290700002C0700002B07000010
:1066C4002E0700002D0700002F07000032070000EE
:1066D40031070000340700003307000036070000CC
:1066E40035070000370700003A07000039070000AB
:1066F4003C0700003B0700003E0700003D07000088
:106704003F070000420700004107000013431A003E
:10671400159380235B019A4201DB4F4B1593169B23
:1067240042469A9353465A60199A51469A60009A7F
:10673400DA60019A1A61029A5A61039A9A61049A78
:10674400DA61059A1A62069A5A62079A9A62089A54
:10675400DA62099A1A630A9A5A630B9A9A630C9A30
:10676400DA630D9A1A640E9A3C485A640F9A9A6432
:10677400109ADA64119A1A65129A5A65139A9A65EC
:10678400159ADA65179A5A66149A9A666C2203F077
:10679400D3FDBD220123D200BB54EF239B00FA5842
:1067A4000433FB58BFF35F8FD31A042B18D0032391
:1067B4006C201340584383239B009C46381818923E
:1067C40026496C22604403F0B7FDBFF35F8FEF21CD
:1067D400189A8900531CBD227B500023D200BB545D
:1067E400169B42469A9353465A60199A51469A60A8
:1067F400009ADA60019A1A61029A5A61039A9A61BC
:10680400049ADA61059A1A62069A5A62079A9A6297
:10681400089ADA62099A1A630A9A5A630B9A9A6373
:106824000C9ADA630D9A1A640E9A5A640F9A9A644F
:10683400109ADA64119A1A65129A5A65139A9A652B
:10684400159ADA65179A5A66149A9A66044B6C225A
:10685400F818FFF7B1FAC046FF0F00004C330120CF
:10686400540700003C2B01D0FFF7ABF9E44BFB5C71
:10687400052B01D0FFF7A5F9E24B6C22FB5CE24942
:1068840000931FAB18009A4603F056FDE2217F22C5
:10689400DE4BC900FB5C795C1340DB010A40134307
:1068A40080225201934200DBD94BDA4ADA499446FA
:1068B4007F2263449B001893D84B795CFB5C1340A4
:1068C400DB010A4013431A00019380235B019A42BF
:1068D40001DBCF4B01937F22D14BD249FB5C795C26
:1068E40013401140DB010B4319004B1E9941CE4B61
:1068F4001A91CE49FB5C795C1340DB010A401343D7
:1069040080225201934200DBC14B802292009446C4
:1069140063441A000293E0231B019A4200DD0293B0
:10692400E3217F22C24BC900FB5C795C1340DB018D
:106934000A4013431A00039380235B019A4201DB4C
:10694400B34B03937F22BB4BBB49FB5C795C134085
:10695400DB010A4013431A00049380235B019A422B
:1069640001DBAB4B04937F22B44BB549FB5C795CF0
:106974001340DB010A4013431A00059380235B0193
:106984009A4201DBA24B05937F22AE4BAE49FB5CDE
:10699400795C1340DB010A4013431A0006938023F9
:1069A4005B019A4201DB9A4B0693E4217F22A74BB9
:1069B400C900FB5C795C1340DB010A4013431A00F5
:1069C400079380235B019A4201DB914B07937F225B
:1069D4009F4BA049FB5C795C1340DB010A401343E5
:1069E4001A00089380235B019A4201DB884B0893C9
:1069F4007F22994B9949FB5C795C1340DB010A4087
:106A0400134380225201934200DB814B814A944913
:106A140094467F2263441993924B795CFB5C134048
:106A2400DB010A4013431A00099380235B019A4255
:106A340001DB774B0993E5217F228B4BC900FB5C7B
:106A4400795C1340DB010A4013431A000A93802344
:106A54005B019A4201DB6E4B0A937F22834B84498C
:106A6400FB5C795C1340DB010A4013431A000B936F
:106A740080235B019A4201DB654B0B937F227D4BA4
:106A84007D49FB5C795C1340DB010A4013431A0027
:106A94000C9380235B019A4201DB5D4B0C937F22B4
:106AA400764B7749FB5C795C1340DB010A40134366
:106AB4001A000D9380235B019A4201DB544B0D9322
:106AC400E6217F226F4BC900FB5C795C1340DB013C
:106AD4000A4013431A000E9380235B019A4201DBA0
:106AE4004B4B0E937F22684B6849FB5C795C1340E7
:106AF400DB010A4013431A000F9380235B019A427F
:106B040001DB434B0F937F22614B6249FB5C795C51
:106B14001340DB010A4013431A00109380235B01E6
:106B24009A4201DB3A4B10937F225B4B5B49FB5C3F
:106B3400795C1340DB010A4013431A00119380234C
:106B44005B019A4201DB324B1193E7217F22544BC4
:106B5400C900FB5C795C1340DB010A4013431A0053
:106B6400129380235B019A4201DB294B12937F220B
:106B74004C4B4D49FB5C795C1340DB010A401343E9
:106B84001A00139380235B019A4201DB204B139379
:106B94007F22464B4649FB5C795C1340DB010A408B
:106BA40013431A00149380235B019A4201DB184BB0
:106BB40014937F223F4B4049FB5C795C1340DB011B
:106BC4000A4013431A00159380235B019A4201DBA8
:106BD4000F4B1593E8217F22384BC900FB5C795C8D
:106BE4001340DB010A4013431A00169380235B0110
:106BF4009A4201DB064B16937F22314B62E0C0467A
:106C04000F0700000E070000CC210120110700002F
:106C1400FF0F000000F8FFFF120700001307000039
:106C240015070000140700001707000016070000EE
:106C3400190700001B0700001A0700001D070000C9
:106C44001C0700001F0700001E07000021070000AA
:106C54002307000022070000250700002407000086
:106C64002607000027070000290700002B07000063
:106C74002A0700002D0700002C0700002F07000042
:106C84002E07000031070000330700003207000020
:106C940035070000340700003707000036070000FE
:106CA400390700003B0700003A0700003D070000D9
:106CB4003C0700003F0700003E07000041070000BA
:106CC40043070000EF49FB5C795C1340DB010A4099
:106CD40013431A00179380235B019A4201DBEA4BAA
:106CE400179383231B01FB5C019A1C93189B514649
:106CF4001F9353465A601A9A9A60029ADA60039A6A
:106D04001A61049A5A61059A9A61069ADA61079A95
:106D14001A62089A5A62099A9A620A9ADA620B9A71
:106D24001A630C9A5A630D9A9A630E9AD748DA63D7
:106D34000F9A1A64109A5A64119A9A64129ADA642D
:106D4400139A1A65149A5A65159A9A65179ADA6508
:106D5400199A5A66169A9A666C2203F0EDFABD22C5
:106D64000123D200BB54EF239B00F8580433804620
:106D7400FB58BFF35F8FC31A042B17D003230340C0
:106D84006C20584383239B009C4638186C22BF49CF
:106D9400604403F0D1FABFF35F8FEF214046BD2278
:106DA400431C89007B500023D200BB540723009866
:106DB400B74A1840613343431899FB189A18116075
:106DC4008422019912019A181160B24A1A999A18E8
:106DD4001160B14A02999A181160B04A03999A183D
:106DE40011608522049912019A181160AC4A059920
:106DF4009A181160AB4A06999A181160AA4A079921
:106E04009A1811608622089912019A181160A74AEB
:106E140019999A181160A64A09999A181160A54AF5
:106E24000A999A18116087220B9912019A18116015
:106E3400A14A0C999A181160A04A1B900D999A18AE
:106E440011609F4A0E999A18116088220F991201B5
:106E54009A1811609B4A10999A1811609A4A1199CC
:106E64009A181160994A12999A18116089221399F3
:106E740012019A181160964A14999A181160954A49
:106E840015999A181160944A16999A1811608A22D1
:106E940012019446179A63441A60012283218240A6
:106EA40009017B5C1343DBB21D937B541C9B002BB9
:106EB40001D100F0EAFC894BFB5C0093D4229AAB2D
:106EC400984600211800920003F030FA844B1D9A72
:106ED4009A93844B9DA89B9343461A72009A5A72C4
:106EE4006B4B6822F91803F027FA7F4B6822F918D4
:106EF400B7A803F021FA7D4B6822F918D1A803F052
:106F04001BFA7B4B6822F918EBA803F015FA794BAE
:106F1400FFA8F9186822183003F00EFA764BFFA880
:106F2400F9186822803003F007FA744BFFA8F918A7
:106F34006822E83003F000FA714B7248F9186822AD
:106F4400684403F0F9F91EAB9C4641466E486F4A0B
:106F540060440B7801315A4013049B185B009B1862
:106F6400DB009B18DB009B185B009A188142F0D170
:106F7400D32341469B00CA506549594A0868904248
:106F840001D100F011FDEFF3108372B68021614846
:106F940049011D9309F0F2FE1EAA9446F0235E4AAD
:106FA400FF33904663441C954546A0461C005AAAEC
:106FB40000928022FF210098520003F0B7F90221C9
:106FC4000123BC46FF3109E0EF27E25C1EA8C0198B
:106FD400C25401338B4201D100F042FCAB42F3D1E5
:106FE400802200994D485200444667461C9D09F092
:106FF4000DFF1D9B83F310881B9A494B5146FA548D
:10700400189B019A1F9353465A601A9A9A60029ADF
:10701400DA60039A1A61049A5A61059A9A61069A87
:10702400DA61079A1A62089A5A62099A9A620A9A63
:10703400DA620B9A1A630C9A5A630D9A9A630E9A3F
:10704400DA630F9A1A64109A5A64119A9A64129A1B
:10705400DA64139A1A65149A5A65159A9A65179AF6
:10706400DA65199A5A66169A9A662E4B6C22F818A3
:1070740003F062F9F8230222DB00FF32FA52FEF732
:10708400A0FDC04642070000FF0F00004C33012062
:107094003C08000044080000480800004C080000B8
:1070A40054080000580800005C0800006408000050
:1070B400680800006C0800007408000078080000EC
:1070C4007C08000084080000880800008C08000088
:1070D40094080000980800009C0800003108000093
:1070E4003038534308005003A40800000C09000082
:1070F40074090000DC090000440A0000AC0A000026
:10710400140B00004C0500003C050000C59D1C81CB
:1071140000F01F1000F01F005103000000F31F00D7
:10712400C2070000C40700000C4B6C22F8180C4B7B
:10713400F91803F001F9D9230122DB00FA54FFF70F
:1071440093F8064B6C22F818054BF91803F0F4F881
:10715400D9230122DB00FA54FEF7E5FD5C060000AA
:10716400EC050000072B01D0FEF72BFDE74ABA5CC3
:1071740013401A00009383231B01FB5CD340DB07FD
:1071840001D4FEF71EFD9AAB6C221800E0499A4622
:1071940003F0D2F86823009A5343842212019446E0
:1071A400FB186344186880235B01984201DA00F0FD
:1071B4000CFDD8486823009A5343D74AFB189A1801
:1071C400126811004A1E9141D44A169194466344B0
:1071D4001B681A000193E0231B019A4200DD01930E
:1071E4008023019A9B009A4200DA01936823009A53
:1071F4005343CB4AFB1894466344196880235B01CC
:10720400994201DA00F0DCFCC2496823009A534336
:10721400852212019446FB1863441A688023029263
:107224005B019A4201DA00F0C5FCBA4B0293682371
:10723400009A5343BB4AFB18944663441B681A00E4
:10724400039380235B019A4201DA00F0ADFCB14B59
:1072540003936823009A5343B34AFB18904643446C
:107264001B68984680235B01984500DA5DE3A94BCF
:1072740098466823009A5343AC4AFB1894466344E7
:107284001B681A00049380235B019A4200DA47E3E7
:10729400A04B04936823009A534386221201944618
:1072A400FB1863441B681A00059380235B019A4210
:1072B40000DA30E3974B05936823009A53439C4AC2
:1072C400FB18944663441B681A00069380231B0131
:1072D4009A4201DB974B0693974B069A9A4200DA3F
:1072E40006936823009A5343944AFB1894466344D4
:1072F4001B681A00079380235B019A4200DA05E3B6
:10730400844B07936823009A53438D4AFB18944691
:1073140063441B681A00089380235B019A4200DAD5
:10732400EFE27C4B08936823009A534387221201AF
:107334009446FB1863441B681A00099380235B017D
:107344009A4200DAD8E2734B09936823009A5343B4
:107354007C4AFB18944663441B681A000A938023F2
:107364005B019A4200DAC2E26A4B0A936823009AEC
:107374005343754AFB18944663441B681A000B93E5
:1073840080235B019A4200DAACE2624B0B936823E0
:10739400009A53436D4AFB18944663441B681A00D1
:1073A4000C9380235B019A4200DA96E2594B0C93CA
:1073B4006823009A5343882212019446FB186344BD
:1073C4001B681A000D9380235B019A4200DA7FE266
:1073D400504B0D936823009A53435D4AFB1894461F
:1073E40063441B681A000E9380235B019A4200DAFF
:1073F40069E2484B0E936823009A5343554AFB189D
:10740400944663441B681A000F9380235B019A42DD
:1074140000DA53E23F4B0F936823009A53434E4ADA
:10742400FB18944663441B681A00109380235B0185
:107434009A4200DA3DE2374B10936823009A534393
:10744400892212019446FB1863441B681A001193A5
:1074540080235B019A4200DA26E22E4B11936823C3
:10746400009A53433D4AFB18944663441B681A0030
:10747400129380235B019A4200DA10E2254B1293A7
:107484006823009A5343364AFB18944663441B68A6
:107494001A00139380235B019A4200DAFAE11D4B30
:1074A40013936823009A53432E4AFB18944663446B
:1074B4001B681A00149380235B019A4200DA32E3BA
:1074C400144B14936823009A53438A22120194465E
:1074D400FB1863441B681A00159380235B019A42CE
:1074E40000DA1BE30B4B15936823009A53431E4A9F
:1074F400FB189446A82263441B68D201934200DD22
:1075040013001A4A934233DA130031E00E070000E5
:10751400CC210120FF0F00004408000048080000AF
:107524004C08000054080000580800005C080000E3
:1075340064080000FF07000000F8FFFF680800006F
:107544006C08000074080000780800007C08000043
:1075540084080000880800008C08000094080000DB
:10756400980800009C0800003C08000000D0FFFFC1
:107574009A935346169A58609A60019A1961DA6090
:10758400029A51465A61039A9A614246DA61049A10
:107594001A62059A5A62079A9A62089ADA62099AF2
:1075A4001A630A9A5A630B9A9A630C9ADA630D9ACD
:1075B4001A640E9A5A640F9A9A64109ADA64119AA9
:1075C4001A65129A5A65139A9A65159ADA65069A93
:1075D4005A66149A9A66D84B6C229846B844404628
:1075E40002F0AAFE41466C22D44802F0A5FEBD2258
:1075F4000123D200BB54EF239B009A46FB589846C4
:10760400F0239B00FB58BFF35F8F4146CB1A042B3A
:1076140016D003236C200B40584383239B009C46C5
:1076240038186C22C549604402F086FEBFF35F8FB0
:10763400434651460133BD227B500023D200BB5444
:10764400009ABF4BFA540122BE4BFA54FEF7B9FA22
:10765400BD4BF850BD4B6C229A46BD4BBA44F91849
:10766400504602F069FEBD220123D200BB54EF2331
:107674009B00F85804338046FB58BFF35F8FC31A4E
:10768400042B01D1FEF793FB032303406C208321D9
:10769400584389008C463818FEF779FBD223DB0067
:1076A400F850D7E7062B01D0FEF78BFAA94B023A24
:1076B400FA52FEF786FA062B01D0FEF782FAFEF79D
:1076C400A5FC072B01D0FEF77CFAA34A8321BA5C00
:1076D40009011A40063B9340785C98439F4B7854C9
:1076E400FB5C80469A469A4200D1BFE1D422002135
:1076F40092009AA802F01AFEFC22994B52009A9327
:10770400984B9DA89B931EAB9B1842461A70FA2275
:107714001EABFF329B1852461A70934B6822F9181D
:1077240002F00AFE914B6822F918B7A802F004FE91
:107734008F4B6822F918D1A802F0FEFD8D4B682208
:10774400F918EBA802F0F8FD8B4BFFA8F918682292
:10775400183002F0F1FD894BFFA8F9186822803037
:1077640002F0EAFD864BFFA8F9186822E83002F01F
:10777400E3FD844B8448F9186822684402F0DCFD78
:107784001EAB9C468148824A9AA960440B78013119
:107794005A4013049B185B009B18DB009B18DB000A
:1077A4009B185B009A188142F0D1F820D323400043
:1077B4001EA909189B00CA507649694A0868904274
:1077C40000D125E1EFF3108372B68021724849019C
:1077D400019309F0D3FA1EAAF0239446FF336344BD
:1077E40098466E4B2A009A465AAB009323004546AE
:1077F400544690469A468022FF210098520002F097
:1078040095FD02210123BC46FF3107E0EF27EA5C26
:107814001EA8C019C25401338B420FD0A342F5D124
:10782400802200995E48520045465446674609F056
:10783400EDFA019B83F31088FEF7E8FB8022594898
:107844000099001B013C5200FF3C674609F0DEFA38
:1078540023000135FF35AF33CDD145465446E8E723
:10786400802250480099401B013D5200FF3D67466D
:1078740009F0CCFA2B000134FF34AF3301D0FFF709
:1078840098FB44461C9DFFF7B4FB344B0090F8541E
:10789400FFF714FBD343DB171A40139201E6D343DB
:1078A400DB171A401292EBE5D343DB171A4011920F
:1078B400D5E5D343DB171A401092BEE5D343DB175B
:1078C4001A400F92A8E5D343DB171A400E9292E5B3
:1078D400D343DB171A400D927CE5D343DB171A40E0
:1078E4000C9265E5D343DB171A400B924FE5D34363
:1078F400DB171A400A9239E5D343DB171A40099281
:1079040023E5D343DB171A4008920CE5D343DB1776
:107914001A400792F6E4D343DB171A400592CBE4EE
:10792400D343DB171A400492B4E44346DB43424694
:10793400DB171A4090469CE4C40700004C33012036
:10794400C2070000C1070000AC0600007C0500006F
:107954005C060000520700000E070000310800001A
:1079640030385343080050033C080000A4080000CA
:107974000C09000074090000DC090000440A00003E
:10798400AC0A0000140B00004C0500003C0500008C
:10799400C59D1C8100F01F1000F01F005103000062
:1079A40000F31F0051F31F00A94A4868904201D018
:1079B400FFF7E9FACB58A74A9C46A7480B78013150
:1079C4005A4013049B185B009B18DB009B18DB00D8
:1079D4009B185B009A188142F0D1944501D0FFF7BF
:1079E400D2FA1EA98C469D4A9D4B624494469D49F9
:1079F40004E001338B4201D1FFF7FEFA62461878A6
:107A0400D25C8242F5D0FFF7BEFA974BF85021E6DC
:107A14008F4A4868904200D0D4E6CB588D4A9C46A1
:107A24008D480B7801315A4013049B185B009B1856
:107A3400DB009B18DB009B185B009A188142F0D195
:107A4400944500D0BEE61EA98C46844A844B624409
:107A54009446844904E001338B4201D1FEF7D6FAFF
:107A640062461878D25C8242F5D0ABE60300DB07AD
:107A740000D5EAE003009B0700D5E3E003005B07C1
:107A840000D5DCE003001B0700D5D5E00300DB06CE
:107A940000D5CEE003009B0600D5C7E003005B06DB
:107AA40000D5C0E003005A1E934107225B421A40EE
:107AB400924652466D4BFA5418E6654A486890421D
:107AC40001D0FEF767FACB58624A9C4662480B78AD
:107AD40001315A4013049B185B009B18DB009B1870
:107AE400DB009B185B009A188142F0D1944501D0C9
:107AF400FEF750FA1EA98C46584A594B62449446E4
:107B0400584904E001338B4201D1FEF77FFA624603
:107B14001878D25C8242F5D0FEF73CFAD343DB17E7
:107B24001A401592E0E4D343DB171A401492C9E4D7
:107B3400D623DB00F8508DE5D523DB00F85089E52A
:107B440080224B480099001B013C5200FF3C6746D1
:107B540009F05CF923000135FF35AF3301D0FEF79E
:107B640032FA45465446FEF74EFACE23DB00F8506F
:107B740070E5D023DB00F8506CE580239B009C4625
:107B8400E02360441B01984200DD1800CD23DB0094
:107B9400F8505FE5374BF8505CE5CF23DB00F85035
:107BA40058E5354BF85055E5D343DB171A4003929B
:107BB400FFF74FFBD343DB171A400292FFF737FB63
:107BC400CB43DB171940FFF720FBC343DB171840F7
:107BD400FFF7F0FA294BF8503CE5CC23DB00F850D2
:107BE40038E5D423DB00F85034E5254BF85031E573
:107BF400D323DB00F8502DE5224BF8502AE5D72398
:107C0400DB00F85026E5204BF85023E51F4BF850D5
:107C140020E51F4BF8501DE5D123DB00F85019E592
:107C24001C4BF85016E506239A4642E705239A466C
:107C34003FE704239A463CE703239A4639E70223A5
:107C44009A4636E701239A4633E700239A4630E7FB
:107C540008005003C59D1C814CF31F10F011E0EF88
:107C640000F01F1050F31F10B4060000310800008C
:107C740051F31F007C06000074060000A4060000F7
:107C84009C06000094060000C40600008406000060
:107C94008C0600006C0600007047C04600B585B035
:107CA4000F4803AB02AA01A901F000FE002803D18A
:107CB4000C480B4900F032FC039A0299019801F038
:107CC40019FD094802F04EFD9D23012207485B007F
:107CD400C254074B186008F0F3FA002005B000BD49
:107CE40000EE02007C1F012035330020D02D01203E
:107CF400D03C012010B50248F9F74EFA10BDC04639
:107D0400D02D0120004870474825012000487047C5
:107D1400E024012070B5002823D003282CD8174B69
:107D24008000C558280008F047F9C0B2041C1F2879
:107D340012D8E4B2002808D00023114AE95C0133C8
:107D44001180D9B202328C42F8D8C0220134E3B295
:107D54005B00920013430CE01F24E4B20028EBD133
:107D6400F3E7064B02221968054802F0E5FAC1233D
:107D74009B000448038070BD0020FCE7002701201D
:107D84001A47012018470120F0B5174C83B0200092
:107D940004F0C2FA002805D02500D9232C3DEE5C5E
:107DA400002E02D0002003B0F0BD0120E97805F0D8
:107DB40005FE0028F6D027002C3739002000EA8879
:107DC40004F024FBE978041E0AD003003A000120E1
:107DD4000196009605F03EFE0028E3D02000E2E77D
:107DE400012005F011FEDDE7F83E0120F0B5C6469E
:107DF40000B5244CDC22002182B0200002F096FA67
:107E0400214E33681800984602F038FA20640500C1
:107E1400706802F033FA6064327A070053009B18EA
:107E24000121580002F048FAE060002D28D0002F0C
:107E340026D0002824D000274346200029009AB2E7
:107E440018300123009704F031FA25002000B2888D
:107E5400616C012348352C30009704F027FA280080
:107E640000F0E2FEA562250050352800676200F0AC
:107E7400DBFE0120A563E76302B080BCB846F0BD19
:107E84000020F9E7CC3E01201027012010B50E4C4C
:107E9400206C002803D002F031FA00232364606CC4
:107EA40000280CD002F02AFA0023E068636400285A
:107EB40003D002F023FA0023E360012010BDE06840
:107EC4000028F6D1F9E7C046CC3E0120F0B5C646FD
:107ED40000B51C0082B001282AD1D923354EF254B2
:107EE400002A25D1B3788B4227D0F3788B424DD02A
:107EF40001201EE030002C3004F00EFA002849D195
:107F0400002C47D02000F18802F00EF80C1E41D15D
:107F14000120F17805F052FD00283BD00023F178D0
:107F24001A0001200194009405F094FD002831D139
:107F3400002002B080BCB846F0BD002C1CD0A308C1
:107F44001AD026339D00182334009846002775194B
:107F54009834B04402E00434A54209D02368002BCD
:107F6400F9D004222100404604F056FB0137F2E721
:107F7400114B002B16D1B17800243200B38830782D
:107F840098320194009405F065FDD2E7FFF7FCFEFA
:107F94000028AFD0094B002BAAD00120FFF77CFEAC
:107FA4000120C6E7002FE6D039000120FDF7DEFDF1
:107FB400B178E1E7CC3E01207D590020A97A002068
:107FC40070B5012824D1134B002B02D00021FDF7FA
:107FD400C3FD114C200004F0DBFB2000250014300D
:107FE40004F0D6FB002300222000183D6B602B8197
:107FF400FF332B60273BEA5400210622083802F0A5
:1080040095F9064B00211A7AE868920002F08EF97D
:1080140070BDC04669590020E43E012010270120AC
:10802400F0B54E46DE4657464546E0B5160087B0E5
:10803400012906D1D9220021744DA9547279012A4B
:1080440007D0002007B0F0BCBB46B246A946A04604
:10805400F0BDB279012A00D17EE0032AF1D134784F
:10806400301942781700243F012F00D894E0052AE4
:10807400E7D16418B178A4B26970A34200D8B6E01D
:1080840063490E684968B0468C4689B20491002160
:108094008B46039140318A4600218946614601910D
:1080A4004146B6B205960291002627E0252A2CD037
:1080B400052AC6D14279067912023243402A04D9EC
:1080C400524602714A46427140228678F10932D101
:1080D400E9788C46697A8846614647463943B0D187
:1080E40001998A4200D9049A8346EE70EA800278A4
:1080F4001419A4B280189C4253D24278242AD5D1B0
:108104008278013A032A9CD8F1E78278012A98D12F
:10811400002E96D0F2092FD1EA78B24200D090E72F
:108124006A7A002A00D08CE7C2786A720278002644
:108134001419A4B2DEE7A9788C46297A88466146E8
:108144004746394300D07CE702998A4200D9059A10
:10815400AE70AA800390CAE7002B07D171E732788A
:108164005118B61889B272798B4210D9012AF6D106
:10817400B279032AF3D170E7AA78B24200D060E75B
:108184002A7A002A00D05CE7C2782A72CEE7012A54
:1081940000D056E7B27960E78778012F00D050E726
:1081A40067E7EB78002B1AD06B7A002B17D0039B70
:1081B400002B06D01900012005F084FC002800D112
:1081C4003FE75B46002B06D05946012005F07AFCB8
:1081D400002800D135E7012301202B7032E7AB786A
:1081E400002B00D12DE72B7A002BE0D129E7EB7887
:1081F400002B02D06B7A002BEDD1AB78002B00D191
:108204001FE72B7A002BE6D11BE7C046CC3E0120AA
:108214001027012070B50E0082B001281ED1114C28
:10822400D82300252200E054A388A178207898322E
:108234000195009505F00EFC051E0FD00A4B002B8E
:1082440007D0607A237AE278A17800900120FDF7C4
:108254007BFC3100012006F01DFB00E00025280016
:1082640002B070BDCC3E012059590020F0B54E46F5
:108274004546DE465746E0B514000E00984687B0E2
:10828400012812D1002910D0002A0ED0002B0CD0C6
:1082940004AA0723944663449A46674B5146180040
:1082A400994604F027F9002808D10027380007B0C0
:1082B400F0BCBB46B246A946A046F0BD534649466B
:1082C4001B7804221B0948463370083904F09EF8D1
:1082D4000428EAD14D46594B019600274E469B4649
:1082E400A146183D1AE05846018821423CD1514626
:1082F400300004F0FFF80028D8D05346019A1B78C8
:1083040012781B099A42D1D1310004223000083975
:1083140004F07CF80428C9D1B845C7D92A7C019B4C
:1083240012091A702B7A9342E1D90121914011224A
:10833400AA566B7C8CB2002AD5DAF02B10D0EF2B26
:1083440037D81A090C3A012A4DD9032103223B4894
:1083540084460088A043644620804846013018E0E3
:108364003648018821430180AA7C94461222AA56E9
:10837400002A43DBEA7C03921322AA569446022283
:1083840002926246002A31DB029A48460132110009
:1083940001304C468C46237002242B19197C631C33
:1083A4000170032401309342F7D9614681467F1856
:1083B4009DE7F72B0FD8F32B1BD007D8F12B18D040
:1083C4004B460322581C0321F223E2E71A000A3227
:1083D400D2B2012A8BD84A461370012301219C464C
:1083E4007F18E14483E702210222B0E7039AF72AC7
:1083F4001FD04A460221501C0222CAE76246F72ACD
:1084040014D0EA7C03921322AA56944601220292C3
:108414006246002AB8DA039AF72ADCD10122013233
:10842400A1430180484611000130B2E7A143F53A67
:10843400F7E70222F3E7C046E43E0120CA4D0120DB
:1084440001230370004870471C270120094A830058
:108454009A1810B514684022544080322240064CC9
:10846400C000A44663441A60044B9C4660444160C7
:1084740010BDC04604C0014004D00140004001408A
:10848400074B8000C3181B68C90092000A435A4076
:108494000C231340034A9446604403607047C0466B
:1084A40004C0014004D001408000002905D0064BDF
:1084B4009C464023604403607047044B9C46402321
:1084C40060440360F8E7C04604E0014004F0014062
:1084D4000123D0228340120693629361094A8300E8
:1084E4009A1811684022514080320A400649C0005F
:1084F4008C4663441A60054B9C46052360444360E4
:108504007047C04604C0014004D00140004001400F
:108514008023DB051868000F7047C0460FB400B510
:10852400084883B002F08CF8049B002B07D005A9FF
:108534001800019101F00EFF034802F081F80120B8
:1085440001F020FFC81F0120D81F012070B5EFF3F0
:10855400108C72B60D4D2B68002BFCD0BFF35F8FCF
:108564000724CB08C618C05C01230C40A3401C00A0
:108574000440034207D118433070BFF35F8F2C606F
:108584008CF3108870BD1000FFF7C8FF2C0100D0D9
:10859400F8B54746CE46884680B5EFF3108C72B6E0
:1085A4001C4D2C68002CFCD0BFF35F8F9A4222D85C
:1085B40007210126894602E00132934218D34D4631
:1085C40037001540AF40D4080119045D2742F3D1A8
:1085D40010003C430C70BFF35F8F00220D4B1A60F8
:1085E4008CF3108800280EDBC0BCB946B046F8BD39
:1085F40001204042EFE7BFF35F8F00232B608CF331
:108604001088012040424346002BEDD00898FFF724
:1086140085FFC0462C0100D0044A1078431CDBB20D
:10862400172B00D9102313707047C0463827012038
:1086340010B5064B064C82B00100009318221F238C
:108644002000FFF7A5FF02B010BDC046DC1F0120CB
:10865400E84601200021044B044ABFF35F8F02C3A4
:108664009342FAD17047C046000100D0800100D087
:10867400054B064A1360064A136053609360D36047
:1086840013615361936170478080808000E400E04F
:1086940004E400E01F2318401E3B8340002905D05A
:1086A400C021044A49005350136070478022014995
:1086B4008B50FAE700E100E001228240034B1B6883
:1086C40013405A1E9341D8B27047C04600E100E0FF
:1086D40070B50D00EFF3108672B60F4A1368002BC5
:1086E400FCD0BFF35F8F0D4B10309B6884001B5987
:1086F4000B4A934203D09D4201D001F0AFFA074BDD
:108704009B681D51BFF35F8FBFF35F8F0022024B45
:108714001A6086F3108870BD240100D000ED00E0DB
:10872400C1010010F0B557464E46DE464546E0B559
:1087340085B0060000911700EFF3108B72B66A4AF9
:108744001368002BFCD0BFF35F8F0025674B5D5788
:108754009A46002D00DAA9E06B00654C01935B1981
:108764009B009846A146C1444B4652469B7910361D
:108774001370604BB6009B6899590B1B2F2B33D990
:108784005D4B994200D0ACE0019B42469C465B4B5A
:108794006544AD0063535A4B0232A218043B9B1A42
:1087A4001B05584A5B0D651913436B80564B012119
:1087B400AB80FF23AB71009BEF71AB604B460B4367
:1087C40019004C4B9B689951BFF35F8FBFF35F8FC8
:1087D4000022454B1A608BF3108805B0F0BCBB46F1
:1087E400B246A946A046F0BD01200A008243D379CF
:1087F4008C46BB4231D84546130044491B1B5B41A0
:108804005943090D3D4B63533D4B02356519043BF8
:108814005B1B1B053B4D5B0D2B43AA464D466B80F2
:108824000425AC465546E044131F44441B1B1B055A
:108834005B0D1D434B46997100999D809960494693
:10884400DF71334B01431360BBE75800C01880004D
:108854002018C179B9422FD902000623D356002B20
:10886400F3DA02932B4B61460393131D9A460423B8
:108874005B429C46E14450464B461B1A1B055B0D6C
:108884009C46204B9571984663464046034393802B
:10889400019B5A199200039BA418A380029B1C4AB3
:1088A400A371009B2260E771A3608AE701F0D6F907
:1088B400002553465D574FE7908802934005131DEA
:1088C4009A46031561469C464046D44463460430A8
:1088D4002018181AE0230005400D1B0218430390CA
:1088E400C5E701F0BBF94FE7240100D0D34D0120C7
:1088F4003C27012000ED00E0C101001000A1FFFFB2
:108904006C27012000E0FFFF01BDFFFFAAAA0000C1
:108914000148804701BD0000F0B5DE4657464E468B
:108924004546E0B50C0083B0EFF3108872B6634A95
:108934001368002BFCD0BFF35F8F614B61499A68C9
:10894400030010339F00D55901938D4243D0A542B3
:1089540054D05D4EAA1B2F2A3DD85C4B9B461B6806
:10896400994601231A009C4682404B4613401F221D
:1089740099466346024093409A4680225B4650469D
:108984009850BFF35F8FEFF305839B46002B37D0DE
:10899400019B5B4501D001F061F901232A009A4350
:1089A4009068844208D176E04B005B189B00F31872
:1089B4009868844236D01A00062151560029F3DA09
:1089C400844254D04B46002B27D0C02251463F4B03
:1089D4005200995019603A4B9B68DD51BFF35F8F89
:1089E400BFF35F8F0022354B1A6088F3108803B001
:1089F400F0BCBB46B246A946A046F0BD0D00EAE76E
:108A04002A0063469A4390688442D5D106201056C2
:108A1400130000280ADA0D0031E0802351462B4A66
:108A2400D150D8E706201856002821DB420011183F
:108A3400890074188B46A1689960E179D97106217F
:108A440061569971002924DBA488F11A6405241560
:108A54005C44091909051E4C490D214399801318DA
:108A64001C4A9B001178F31899711070AAE713003F
:108A74005946002914D1FF31917117499180154944
:108A84000A789A71154A9B1B5B415A43120D0A706E
:108A940098E71149E2E70620105613000028C5DACA
:108AA4000F4A1049D21A083A5002400D01439980E6
:108AB4000D4952080A43DA8084E7C046240100D0F5
:108AC40000ED00E0C10100103C27012000E100E0BE
:108AD40000E0FFFFD34D012001BDFFFFAAAA000063
:108AE4007627012000F0FFFF00F8FFFF10B5830890
:108AF400040003202040FF24054AC000944684401B
:108B040081409B0063441A68A2430A431A6010BD63
:108B140000E400E070B501240443EFF30581EFF3B2
:108B2400108C72B6214A1368002BFCD0BFF35F8F00
:108B34001F4B05001F4AED1A6D416A43120D1E4D6D
:108B44008900AE6852B27658A6421CD00621595606
:108B540091421CD012215956914222D01E215956BD
:108B6400914220D02A2159560324914210D0134B0C
:108B740019781A708171BFF35F8F00220B4B1A6052
:108B84008CF3108870BDAB680D4C5C50EFE700248B
:108B94006100091989005B18FF21997109499980BD
:108BA400E5E70124F4E70224F2E7C046240100D0FB
:108BB4003C270120AAAA000000ED00E0D34D0120CB
:108BC400C101001001BDFFFF024B9C4661448900B6
:108BD400016070474000003470B5114C114DAC4237
:108BE4000FD2FF262368002B0CD0FFF715FD0100E0
:108BF4002000FFF7E9FFA680BFF35F8F0834AC4283
:108C0400F0D370BDFFF708FD01002000FFF7DCFF83
:108C14002671BFF35F8F0834AC42E3D3F1E7C0465B
:108C2400782D0120882D012010B50400FFF7F4FCF5
:108C340001002000FFF7C8FFFF232371BFF35F8FFC
:108C440010BDC04610B504000120FFF7F1FC034B32
:108C5400C3189B002360BFF35F8F10BD4000003436
:108C64000A4B1968EFF3108072B60A68002AFCD028
:108C7400BFF35F8F1B68BFF35F8F00221A6080F31E
:108C8400108840BF002000217047C046C04D01201D
:108C9400F0B5DE4657464E464546E0B587B0EFF39D
:108CA4000583032201251A40954091008846A94670
:108CB400B34B03925C58B34B1D60B34B04934B46C8
:108CC400B24843630823E55E002D37DAA3881BB25C
:108CD400002B00DBADE0A379002B00D0EEE00823ED
:108CE400E05E002820DB430062691B18DB00D31818
:108CF4009E68DD68731C00D111E1A4480100414461
:108D0400826A0B69B71A9B1A9F4215D30123026A20
:108D1400039883401A420FD09C4800F0D5FB8D4243
:108D240002DCCCD18642CAD940BF07B0F0BCBB46F6
:108D3400B246A946A046F0BD0E61EDE762696B003C
:108D440092465B19DB009A4453469E68DF6800F044
:108D5400BBFB8F42BADC00D103E1002F00DAE8E06C
:108D64005246534652691B699346049A934200D172
:108D7400D9E052460821605E5288000459461043E7
:108D84009847009001910099019A0B001000134339
:108D940000D1CEE013000A00B61A9F41002806DB7A
:108DA4007A4800F091FB009E019F36184F415346CC
:108DB4009E60DF6000229A5E002A00DA86E7530094
:108DC40099186069C900411802938B68C9689B4669
:108DD400B94200DD7AE702D1B34200D976E708232D
:108DE4009C46A444059565462281A446029B2C001A
:108DF40006E053009918C90041188D68C968AB464C
:108E04009B18DB00C318B94206DC00D1B3E01C0098
:108E14000023E25E002AECDA230064469C465346B3
:108E24001A806346059D1D80A3881BB2002B00DABF
:108E340051E72269EFF3108172B61368002BFCD05E
:108E4400BFF35F8F0123A7885B42A3803FB22369EE
:108E5400BFF35F8F00221A6081F31088002F00DABD
:108E640039E72300083322009A4666697B00DB1940
:108E7400DB00F318996850468C460824115FDD68BE
:108E8400002910DB029306E0AB4244D00023E15EEC
:108E94002000002906DB4C006418E4003419E36860
:108EA400AB42F1DD029B078000201F5E1980002F7A
:108EB400DCDA1400A379002B00D110E70023A3719E
:108EC40026000823E15E08364B1C00D12CE708007D
:108ED400A246656902E03E004B1C1AD04B005B18A9
:108EE400DB00EF180A008C46E95E7B881BB2002B7E
:108EF400F1DA01235B42DC17BB60FC60824205D0DF
:108F0400534631801B893B8053461A8160464B1C73
:108F1400E4D15446E5E6A3686345B7D9C2E76B1CC0
:108F240000D0EAE6F8E65B4658461B6998470028F5
:108F34001BD153461B8822692381EFF3108372B639
:108F440011680029FCD0BFF35F8F514662880A8004
:108F540022696580BFF35F8F0021116083F310885D
:108F6400B4E6864200D8F8E6B0E65B461A685B6869
:108F74000092019307E7B34500D848E74CE7C046A1
:108F8400A44D01203C700540A18A0020004005400A
:108F940070B52E4C2569002D04D00A212C48FFF70A
:108FA40013FE70BD2B4E0321300000F083FAE660FF
:108FB400FFF732FB284B03229C46D02322701B066A
:108FC4001B6801216370254B6044A3600F2380005C
:108FD40020610220638063694942A18019800231C3
:108FE400198647311D83585218315A5275325C39EB
:108FF400995218320131995218320131995218326A
:1090040001319952083518329D5202311832995261
:109014001832013199521832013199521832013102
:1090240099521832013199521832013199520C4B2C
:109034000C49DC6001303562FFF74AFB0121032053
:10904400FFF728FB084B1D60A7E7C04684270120D3
:10905400C04D01200040054040000034FFFF1000D7
:10906400A44D0120A18A00203860054070B501009C
:109074000469EFF3108C72B620680028FCD0BFF3AB
:109084005F8F02200D5E4C6968004019C0002418EF
:109094000869002D36DB26884E80BFF35F8F0026DB
:1090A40006608CF31088E3606388049801332061C0
:1090B4005B0405985B0CA26060611A1C002B1FD036
:1090C40093B22804628018430A69EFF3108C72B6D5
:1090D4001368002BFCD0BFF35F8F8B8823808D80B7
:1090E4000B69BFF35F8F00221A608CF310880B7832
:1090F40001329A40CB6808498C4663441A6070BDBB
:109104000122DDE7BFF35F8F002303608CF3108837
:1091140001204042F3E7C0463C20000010B54389DB
:109124000A1493421ADD53009B184269DB00D318DA
:109134000469EFF3108C72B62268002AFCD0BFF3E6
:109144005F8F5A88090494B2090C8A4208D00369D3
:10915400BFF35F8F00221A608CF31088002010BDCB
:109164008022120214435C80012302698371BFF3DD
:109174005F8F002111608CF31088044902788C46BB
:109184009340C268012062441360E8E73C20000079
:10919400F0B5C64600B582B004000D0000F09CF99D
:1091A40024184D41002D02DA01242F4D6442062675
:1091B4007642F71736196F41AF4214D811D000F038
:1091C4008BF932003B00121A8B41002B15DC002B6B
:1091D40046D02000290000F089F902B080BCB846CE
:1091E400F0BDA642EBD90026002700F075F9320045
:1091F4003B00121A8B41002BE9DD00F06DF93200BF
:109204003B00121A8B41002B0ADB00230193174BFE
:109214003200009316483B00FFF728FF0130D8D0F6
:1092240000233900B0469C46124A1348536A9942B7
:1092340004D8966A4645CCD29942CAD10668EFF35F
:10924400108772B63368002BFCD0BFF35F8F0368BE
:10925400BFF35F8F66461E6087F3108820BFE5E783
:10926400002AB6D0C9E7C046FFFFFF7F718A0020FD
:109274008427012000400540C04D0120F0B5C646BA
:1092840000B582B0040000F027F9FA2206000F00AE
:10929400200000230021920000F0D4FE80197941BF
:1092A40004000D1E02DA01242E4D64420626764285
:1092B400F71736196F41AF4214D811D000F00CF9EA
:1092C40032003B00121A8B41002B15DC002B46D0D8
:1092D4002000290000F00AF902B080BCB846F0BDB5
:1092E400A642EBD90026002700F0F6F832003B0036
:1092F400121A8B41002BE9DD00F0EEF832003B003E
:10930400121A8B41002B0ADB00230193164B320007
:10931400009316483B00FFF7A9FE0130D8D0002384
:109324003900B0469C46124A1248536A994204D8FE
:10933400966A4645CCD29942CAD10668EFF31087A3
:1093440072B63368002BFCD0BFF35F8F0368BFF3A2
:109354005F8F66461E6087F3108820BFE5E7002A0A
:10936400B6D0C9E7FFFFFF7F718A00208427012060
:1093740000400540C04D0120F0B557464E46DE463C
:109384004546E0B506000F0085B0EFF30583994626
:109394008B46002B12D0384900204B6ABB4206D3BF
:1093A4008A6ADB1B591E8B41B2424041184305B007
:1093B400F0BCBB46B246A946A046F0BD2F4B9A4628
:1093C400DB68984653461B784046039300F07CF8CC
:1093D4004246039B040004339B009B580D001B1A58
:1093E40039003000001BA941894510DC0DD020BF95
:1093F400214A0020536A5B45D9D3926ADB1B591E6C
:109404008B41B24240411843D1E78342EFD900F087
:1094140063F832003B00121A8B41002B1ADB002345
:109424000193174B3200009350463B00FFF71EFE9A
:10943400011E0FDD104B5A6A5A451BD39B6AB34277
:1094440016D35046FFF76AFE0B4A0020536A5B4569
:10945400ADD3D2E7084A0020536A5B45A7D3002066
:10946400926ADB1BB24240415A1E934118439EE765
:109474005A45E6D120BFE4E7004005408427012097
:10948400718A0020074943684A6A10B504680020BD
:10949400934206D8896A9B1A5A1E9341A1424041BD
:1094A400184310BD00400540026043600048704707
:1094B4009592002010B5024A0248FFF747F810BD04
:1094C400F81F0120EC4601200300416A0A00986A53
:1094D400596A8A42FAD17047034B596A0A00986A5A
:1094E400596A9142FAD1704700400540064A536ACE
:1094F4009942FCD807D1044B02E05A6A914202D146
:109504009A6A9042F9D8704700400540F8B5DE46A3
:109514004E4657464546E0B58B4605000A99180065
:10952400160000F001FD0A9B6C001F02324B641907
:109534009C46A4006444636881469F4200D96760E6
:109544002B1FDBB29846012B30D9C02380229B010C
:10955400E31812011A60294BAD0059599A460029A3
:109564001BD17301E026226853401E4080234246EB
:109574005B01E3181E60012A30D9802380229B01FD
:10958400E31812011A6053464A4667605A51F0BC08
:10959400BB46B246A946A046F8BD586900F0C4FCD3
:1095A400013043001B18033BFDD2DAE75B46012B75
:1095B400CBD1C02303229B01E3181A60023AA368AB
:1095C4001A42FCD07301E0262268AD0053401E40CD
:1095D40080230A4A5B019246E3181E605A462168BA
:1095E400514003220A401A6001225B469A40A36854
:1095F4001A42FCD0C1E7C04600800040F04601207A
:10960400F0B546464F46D646C0B51F00344B44001D
:109614009C462418A4006444636888461600FF2B03
:1096240002D880235B006360031FDBB29A46012BE0
:1096340030D9C02380229B01E31812011A60294B00
:1096440085005959994600291BD17301E0262268E7
:1096540053401E40802352465B01E3181E60012ADA
:1096640030D9802380229B01E31812011A608023E1
:109674005B0063604B465F51E0BCBA46B146A84606
:10968400F0BD586900F050FC013043001B18033B47
:10969400FDD2DAE74346012BCBD1C02303229B0141
:1096A400E3181A60023AA3681A42FCD07301E02658
:1096B4002268850053401E4080230A4A5B0191467C
:1096C400E3181E6042462168514003220A401A6092
:1096D400012342469340A2681342FCD0C1E7C0462E
:1096E40000800040F0460120014B8000C0587047C4
:1096F400F0460120F0B54746CE4680B55B4B1600D8
:109704005A680700884683B0FF2A02D88022520094
:109714005A600322564B554D1A600123AC6823420C
:10972400FCD0202229685140C0320A4051490A60C5
:109734002A684E4D5A40032313400B600223AC6841
:109744002342FCD080224C4B12011A6080235B0020
:109754006B604A4C99464A4B3A0063610121434687
:109764004848009600F0D8F941463800714300F0AB
:10977400DBFB454B05005A68FF2A01D84A465A606C
:109784008022424B12011A602169002907D06069C6
:1097940000F0CAFB013043001B18033BFDD2E02359
:1097A400394A3B4811680B40036002231168594051
:1097B40001330B400421036093681942FCD08021DB
:1097C400344B090119608021334B490051602361F6
:1097D400264B5A68FF2A00D8596003220121244BE2
:1097E4001A60224A93681942FCD0E02310680340AF
:1097F40020480360126803234A40022113401B4A95
:10980400036093681942FCD080211B4B0901196045
:109814008021224B4900516065615A68FF2A00D8B3
:10982400596080221E4B12011A60A169002907D0D9
:10983400606900F079FB013043001B18033BFDD243
:10984400402316490A685A40A0331340154A13604E
:109854008022154B12011A6080235B004B60084B79
:10986400A36103B0C0BCB946B046F0BD3C80004023
:109874003CB000403C9000403CA00040F046012039
:10988400006CDC02008002403080004030B00040B8
:109894003090004030A00040001BB70048800040DA
:1098A40048B000404890004048A00040F0B54E4603
:1098B400DE4657464546E0B51600924A85B09346C3
:1098C400A022520091465A4603969B4606000192F6
:1098D4000291019B8C4A93420DD901235B429C4621
:1098E4008A4AE1449446019B634401934B460F2BFF
:1098F400EFD100208EE01F00854B07249C4667446F
:109904002300634338001900984600F00DFBA2467B
:10991400651E864250D06C433800210000F004FBE1
:10992400864259D06B1E9846012D00D1D3E0534690
:10993400E41A2100380000F0F7FA864258D0AB1E32
:109944009846022D00D1B9E05346E41A21003800AC
:1099540000F0EAFA864264D0EB1E9846032D66D0E6
:109964005346E41A2100380000F0DEFA864200D1A2
:1099740072E02B1F9846042D00D174E05346E41A7C
:109984002100380000F0D0FA864200D17DE0052D98
:1099940000D17FE053463800E11A00F0C5FA0624EE
:1099A4008642ADD10029ABD1C8465B46D1460125DC
:1099B4000298039E26E0A8464146380000F0B4FA17
:1099C400002900D197E0651EA2466C4338002100AF
:1099D40000F0AAFA8642A5D12100380000F0A4FACA
:1099E40000299FD1C8465B46D1460298039E09E0F0
:1099F4000029A4D15246C2465B46C8465546914604
:109A04000298039E4246434951434A46016001205D
:109A140032601D6005B0F0BCBB46B246A946A04604
:109A2400F0BD0029E6D0EB1E9846032D98D10921FC
:109A340038000324092500F077FA8642BBD00323BB
:109A4400062138009A460334073D00F06DFA864239
:109A5400C2D0012398466AE70029CBD02B1F984631
:109A6400042D00D08AE704240C353B099E42A2D081
:109A740004230C2138009A4608340D3D00F054FAB2
:109A84008642A9D00223984651E70029B2D0052D79
:109A940000D07FE719213800192500F045FA8642E5
:109AA40026D01421380000F03FFA052314249A46E6
:109AB40086421BD0023B9846153D38E70423022416
:109AC4009846BB089E4200D176E7A246013D7B083A
:109AD4009E4200D180E7B74200D0FEE60122C8468C
:109AE4005B46914601250298039E8BE7042573E7A4
:109AF400A846052460E7C8465B46A14625000298AF
:109B0400039E7FE750262F0050F80C0020D1FFFF62
:109B1400B0710B00001BB700F8B5040021481E000B
:109B240017000D0000F000FA0100380000F0FCF905
:109B3400069B36041B031E432368002B20DB1A4BB1
:109B44001A49E3185A1E93418022920194465B42BB
:109B54001B0B174A1B0363441360164A13601F0050
:109B64000A689743FBD1144B2560E2182123A060B7
:109B740013602368002BFCDA0823E6601360F8BD49
:109B84003F2322681340AB42D9D1A3681B051B0DA8
:109B94008342D4D1EE22E368D2021340B342CED141
:109BA400EDE7C046001BB7000040FDBF08C0004001
:109BB40000E0004000F00040043000008023024A2E
:109BC4009B000B43D362704700800540002310B50F
:109BD4000100988A1B8B984710BDC046162310B508
:109BE4000100188802331B88984710BDF8B5474612
:109BF400CE4680B50F1E18D01423994604330400B2
:109C04000025012698464B461888434621681B8840
:109C1400984701C4431E984101350640AF42F2D132
:109C24003000C0BCB946B046F8BD0126F8E7C046CE
:109C3400AA23064A1B0113602133FF33D36004496E
:109C4400044B19605368002BFCDA70470040024053
:109C540000B0FA00006002407047C04610B50148E9
:109C6400FEF75CFC1C20012070B5074D074EB54281
:109C740009D20024013E761BB60808CD984723007C
:109C84000134B342F9D170BD882D0120C42D0120C7
:109C940070B5074D074EB54209D20024013E761B2C
:109CA400B60808CD984723000134B342F9D170BDFA
:109CB400BC2D0120C42D0120054B064A06491A601B
:109CC400064A074B1A6010000B689843FBD1704793
:109CD40000E00040BFCDFBFE08C00040FE7F3C001A
:109CE40000F00040044BDB6C002B03D18022034BBB
:109CF400D2021A607047C046000011504C20115027
:109D0400044A054B1A60054A1368DB018033FBD112
:109D14007047C046FFFFFF0100F0004008C000404C
:109D24004022034B9A675A671A67DA667047C0463F
:109D340000F0014010B5FEF78DFC10BDF8B52749C1
:109D4400274C284D641AA6103200302E00D9302238
:109D54002800920000F0F0FABC2C3BD830202F23CE
:109D64002C196407204A801BE40F9B1B052B16D972
:109D74003700002C02D0B300771CEA50001B3319C3
:109D84009B004108EB18C900C9181A605A600833CF
:109D94009942FAD1012303421CD09843C619B30057
:109DA400EA50731C2F2E15D09B00EA50B31C2E2EA4
:109DB40010D09B00EA50F31C2D2E0BD09B00EA50D0
:109DC400331D2C2E06D09B00EA50731D2B2E01D080
:109DD4009B00EA50054B9D60F8BDC0460001001091
:109DE400C001001000000020C101001000ED00E0DF
:109DF400002310B5294C82B0A367FFF719FF012295
:109E0400274B1A60636C012BFCD10322254B1A608B
:109E1400224A936B012BFCD1013300930121224A86
:109E240022480433FFF778FE052301210093204ADA
:109E34002048FFF771FE0022022104201E4BFFF789
:109E4400DFFB0022012105201C4BFFF7D9FB002278
:109E5400002107201A4BFFF7D3FB00220021082022
:109E6400174BFFF7CDFB8023DB000093002200217A
:109E74000920134BFFF74AFB0022104B0021062058
:109E8400FFF7BEFB0420FFF72FFC0E4900F04CF84F
:109E940001000020FFF792FE02B010BD00800040D8
:109EA4003CB0004030B00040002F685900800240B0
:109EB400008C864700C00240001BB700405973075E
:109EC400006CDC0240420F0001480421014B18479A
:109ED400A0270120FD990020124A936F9B0815D2F8
:109EE4009066D166002905D0FFE7FFE7FFE7516FD1
:109EF400106F704704B580210906C217514000282D
:109F040000D0C84305F060FC002104BDF0B5146E18
:109F1400556E576F166FFFF7E3FF14665566576764
:109F24001667F0BD000000D0114A936F9B0813D24E
:109F340010665166002905D0FFE7FFE7FFE7516F80
:109F4400106F704704B5002801D00020C04305F00D
:109F54003BFC002104BDC046F0B5146E556E576F2E
:109F6400166FFFF7E5FF1466556657671667F0BD71
:109F7400000000D0132370B51D78012D19D014DD15
:109F84001F48FFF72BFE06001E48FFF727FE1E4C56
:109F940080223100200000F0CFF9022D2DD01B4883
:109FA400FFF714FE1A4B186070BD1A4B164CA364CD
:109FB400F5E7184B144C23606360A360E3602361EE
:109FC4006361A361E36123626362A362E362236367
:109FD4006363A363E36323646364A364E364236547
:109FE4006365A365E36523666366A366E366236727
:109FF4006367A367E367A364D1E7064BA364CEE773
:10A004005344000053460000D03A01204C33000072
:10A01400BC4D0120299E002007B5604601880A0A2C
:10A024000230DF2AFAD1C9B2820804D302884088F8
:10A034000004104300E00068014A5050039007BD3B
:10A04400D03A012051434343C9188C46110C83B2C2
:10A054004B4310B4040C614392B280B25043624348
:10A064001C041B0C001910BC59411304120CC01819
:10A0740051416144704700004840414048400E4B04
:10A084005B6818470C4B1B6818470C4A936F9B0876
:10A0940002D2094BDB681847F0B5146E556E576F42
:10A0A400166FFFF7F6FF054A14665566576716677D
:10A0B400F0BD014B9B681847D03B0120000000D045
:10A0C40007B548404140484001E0C04607B542005A
:10A0D400120E03D0FF2A03D1420218D8C00DC005C6
:10A0E4004A00120E03D0FF2A03D14A020FD8C90D29
:10A0F400C9050122414005D4414001D5814207BD33
:10A10400884207BD0143491801D0C043001807BD68
:10A1140000B5FFF7DBFF01D0002000BD012000BD2A
:10A12400C10FC90700D54042002817D0F44603B434
:10A134000B4B1B68984706BC81409E3840428031D7
:10A1440007D20B0607D04900490AC005104308434B
:10A1540060470130F8E7490A8902F5E770470000D3
:10A16400BC4D012041000A0E80231B067E2A0BDD14
:10A174009E3A0BDAC1174002400818435242D040BD
:10A18400490001314843704700207047C00FC01890
:10A1940001387047C0420DD300B54000400800218B
:10A1A40000F012F8002801D4404200BD80200006CF
:10A1B40000BD0000034BDB69FC4618471CDF75A09B
:10A1C40000200000D03B0120014B5B6A18470000CF
:10A1D400D03B0120132310B512481C78FFF7FEFC76
:10A1E4000100012C0AD003DD80220F4800F0A4F8FE
:10A1F4000E48FFF7EBFC0E4B186010BD0A4C5422BE
:10A20400200000F099F80B4B6365A365E3652366B2
:10A214006366A366E36623676367A367E3672362F2
:10A22400E361E5E753460000D03B01204C330000D6
:10A23400BC4D012049A0002007B5604601880A0AE8
:10A244000230DF2AFAD1C9B2820804D302884088D6
:10A254000004104300E00068014A5050039007BD19
:10A26400D03B01200021C2158032803201D0024A45
:10A274001047002070470000CD2A000070B504008C
:10A284000A4E300006F058FC200005F0FFFA0500E5
:10A29400300006F005FD002D05D0054B2C199C421D
:10A2A40001D8280070BD0348FEF738F9782D012045
:10A2B4000000042028200120F8B506000C000C4FF3
:10A2C400380006F039FC2100300005F07FFA050063
:10A2D400380006F0E5FC7443002D05D0054B2C191D
:10A2E4009C4201D82800F8BD0348FEF717F9C04680
:10A2F400782D0120000004202820012070B50400DE
:10A30400054D280006F018FC200005F0C9FA2800C5
:10A3140006F0C6FC70BDC046782D0120014804211A
:10A32400014B1847B0270120FD990020014B1B6801
:10A3340018470000B0270120014B5B681847000054
:10A34400B027012010B5002800D110BD00F02EF96F
:10A35400FBE7C04610B5094A0300146884B0002C1A
:10A3640008D0012200910648524203A9A0470120C7
:10A3740004B010BD00F064F90020F9E7844D012019
:10A3840055A1002000BEFDE7094A0300106800281B
:10A3940005D00849C3188B4207D813607047064894
:10A3A4000449C31810608B42F7D901204042F5E7F5
:10A3B4006849012000000420D44D012010B5FFF7A6
:10A3C400E1FFC04670B5FFF74FFC074D074EB5429D
:10A3D40009D20024013E761BB60808CD9847230015
:10A3E4000134B342F9D170BDC42D0120D02D012018
:10A3F400030010B5080011001B68984710BDC04643
:10A40400F0B5C64600B5437D07000C001600002BCE
:10A4140046D0002A17DD0B780A2B24D00023984657
:10A42400012E13D001252900635C01350A2B26D0A7
:10A43400B542F8D1464509DCA419013C23780D3B0B
:10A444005A4253413B7580BCB846F0BD4346E018C0
:10A45400A419F11A013C3B68984723780D3B5A42F2
:10A4640053413B75EFE7037D002BD7D102210F4801
:10A474003B689847012EDFD001239846D2E7631E3C
:10A484005B5C0D2BD4D0884504DA4346C91AE01826
:10A494003B689847022105483B68A8469847C7E7A8
:10A4A4000368110020009847CDE7C046B02501207D
:10A4B400F0B54546DE464E465746E0B583B0914674
:10A4C4001C0080460D00FFF707F80023304A1218DD
:10A4D4004B41002B02DA01222E4B52422E49080036
:10A4E4008A4606F04BFB07006B1C03D1404605F07F
:10A4F40063FD0500002C27D0284E294B1C68002C36
:10A5040018D04B46002B21D1264B994602E02469F2
:10A51400002C0FD02368002BF9D04B461B68002B6E
:10A5240001D09C42F3D120002A004146B04724695F
:10A53400002CEFD1002F26D1280003B0F0BCBB467D
:10A54400B246A946A046F0BD174ED6E7154B99462C
:10A554000A239B4602E02469002CEBD02368002BDD
:10A56400F9D04B461B68002B01D0A342F3D12A003B
:10A5740041462000B0476B465A462000DA71D91D87
:10A584000122B047E7E7504606F08AFBD4E7C0460D
:10A5940040420F00FFFFFF7F802D012011A2002009
:10A5A400584701206449012001A20020F0B5CE469D
:10A5B400474680B583B06B460600DD1D2870FEF764
:10A5C4008BFF0023194A12184B41002B02DA012297
:10A5D400174B524217490800884606F0CFFA164B2B
:10A5E40081461C68002C14D0144F02E02469002C0E
:10A5F4000FD02368002BF9D03B68002B01D09C427C
:10A60400F4D1200001222900FFF7FAFE2469002C6E
:10A61400EFD14B46002B05D1300003B0C0BCB94686
:10A62400B046F0BD404606F03BFBF5E740420F0064
:10A63400FFFFFF7F802D012058470120644901203E
:10A6440070B5040005F0B8FC0123010005000122E7
:10A654002000FFF72DFF084B1C68002C06D0636810
:10A66400002B05D098472469002CF8D1280070BD30
:10A674002469002CF3D1F9E75847012010B50248AA
:10A6840000F004F810BDC046B44D012010B588B0E8
:10A6940004000D2200216846FFF748FE0D22002128
:10A6A40004A8FFF743FE4B236A466846137004A9C7
:10A6B4000D2206F0F3FB1521082220006944FFF760
:10A6C4003BFE08B010BDC04603BDC04610B5040033
:10A6D400FFF7DEFAA04710BDF0B5C64600B504008A
:10A6E40086B00F200E009046FDF7E6FF002105001E
:10A6F4000F20FDF7CFFF00230022009201930123D6
:10A70400029343460393D023049605946F46002492
:10A714000026012102201B06002C13D01A6D1042C2
:10A72400FCD05C6540BF1A6D114203D120BF1A6D85
:10A734001142FBD09A6DA24209D00026B200BC5847
:10A74400EAE79A6D1A6D1142FBD140BFE6E7013684
:10A75400062EF3D129000F20FDF79CFF06B080BC24
:10A76400B846F0BD0D4B0E4A70B5934210D31C0091
:10A774000C4A99180B4D0C4A92686051FF20C00096
:10A7840023500A4B0A4823500A48FFF7A5FF70BD1F
:10A7940001235B421C000849ECE7C0460008042082
:10A7A40000000420F407000000ED00E0DDA4002018
:10A7B400FC070000D9A40020F3070000F8B500F05E
:10A7C40043F90C23194DFF22AB6705201849FDF707
:10A7D400A9FF184C402200212000FFF7A7FD4027C5
:10A7E400002301262121144A66702783A260136086
:10A7F40063545F31618445396354104A104963607E
:10A80400E2602787A1620B606362E26206F0E4FB08
:10A8140080239B052E64EB6490230A4A0120EA50AE
:10A824008022094B5202DA64F8BDC0460000115080
:10A83400F50E0120844901208400105000011050BD
:10A844008000105010D001000020115010B50121DB
:10A854000520FDF71FFF10BD10B50022002102489E
:10A8640000F012F910BDC046A4490120044B197030
:10A87400002904D080219023024A8902D1507047D4
:10A88400CF4D0120002011500B785B0602D14B788C
:10A89400052B00D070478A78014B1A60FAE7C0464E
:10A8A40000001150F0B5C646C87800B58007830F84
:10A8B4001800012B60D08F780A794B790F21394029
:10A8C400FC091B024E001343334D32195201AA18DE
:10A8D400977001276740577000275B055B0DD770A1
:10A8E4001383D076B846CA00012C32D02B4FBC4615
:10A8F4008F016244BC46AC446746BA604746176061
:10A90400002932D0264AC90090466246414451602B
:10A914003F223F339343022837D0224937190A682C
:10A924007F01D3180B602049EF19FA608B422ED8AF
:10A9340036197601AD19EB7E1C499B064A40134338
:10A944008022120613436A681360012080BCB84653
:10A95400F0BD174FBC468F016244BC46AC44674609
:10A96400BA6247461760002908D1002364012C19F4
:10A974006360104BE360E8E70020E7E70B4AC90097
:10A984009046624641445162C2E75B00C5E7FFF767
:10A9940065F9FA68CCE7C046844901208400105068
:10A9A40004001050884D0120FF0F1050000010507B
:10A9B400800010500001105010B506F00DFB10BDC2
:10A9C40010B50F200C0020404000E40911000019CC
:10A9D4001A00034B4001C01800F056F8012010BDC6
:10A9E400844901200F23180010B50840CA090B42FE
:10A9F40003D107490D3B9B1A8B66400080188022C7
:10AA0400044B40010021C018120106F015FF10BDCF
:10AA140000201150844901200F22130010B50B406F
:10AA24000A4200D110BDC9095B005B1804485B01F0
:10AA3400C018002300220349C37006F0FDFEF1E7AD
:10AA440084490120FFF7FFFF80220A4B520410B50E
:10AA54001A60094B09491A6010000B689843FBD12E
:10AA64008022002152010648FFF760FC0922054BB1
:10AA74005A6710BD00E0004000F0004008C00040EC
:10AA84000000105000001150002310B5C3820133A0
:10AA9400828283760161040006F09AFE002804D0C5
:10AAA40080219023074A8902D150200006F0A4FE99
:10AAB400002802D00123237710BD200006F0E4FE15
:10AAC400FAE7C04600201150002070477047C04686
:10AAD4007047C04600207047002070470020704730
:10AAE4007047C0467047C0467047C0467047C0466E
:10AAF4000023037000207047F8B54E464546DE46F5
:10AB04005746E0B52F4B060099461B780D00FF2BE6
:10AB14004BD1002950D0002154222B48FFF706FCCA
:10AB240000222A4B2A481A70FEF78CF8294C200080
:10AB3400FEF77AF8284B1C60284C2000143CFEF7E2
:10AB440081F8200001F024FE254B1C60254B1800E1
:10AB54009846FFF7CDFF244B18609A4643461B786E
:10AB6400FF2B29D0214A002700249346A34225D94C
:10AB740053461B68DB19002B1ED05B68002B1BD0CF
:10AB8400984743461B7801345A1CE4B2D2B22437A6
:10AB9400A242EBD84B46290030001E70FFF70EFE90
:10ABA400002809D03000FFF751FE0120F0BCBB465D
:10ABB400B246A946A046F8BD0020F7E7A342FBD160
:10ABC4005B46DDE7DC27012088420120D04D0120CF
:10ABD400A443012080420120DC420120D42701202B
:10ABE400E0420120CD4D0120703E012001B800203B
:10ABF400F0B5DE4657464E464546E0B5C44B93B0E5
:10AC040004931B78FF2B00D126E1C24BC24E9B4616
:10AC1400C24B0FAC0393C24B01960293C14B9946AE
:10AC2400019B1D686A69EFF3108172B61368002BEB
:10AC3400FCD0BFF35F8FA9612800210001F098FBCD
:10AC44006A69AB69BFF35F8F0021116083F31088D9
:10AC5400002800D100E16378082BE1D85A469B0014
:10AC6400D3589F466368002BDAD0A0689847D7E78B
:10AC74000F202179A94D08404300CA09EB189B18FD
:10AC84001D00012730352A79BA432A712A790337FE
:10AC9400BA432A71002800D1E5E0A34A1B7D12784B
:10ACA400934200D3D6E09F4AD8001268C3189B0091
:10ACB400D318002B00D1CFE09D69A3686279207876
:10ACC400A847ADE7994A1378002B00D1C4E0137864
:10ACD400013BDBB213701378002BA1D101228F4DFD
:10ACE40001202B78042113432B703423EA5C824324
:10ACF400EA54EA5C8A43EA540133EA5C8243EA5444
:10AD0400EA5C00208A43EA5423789A4600F042FC25
:10AD1400602223791A40602A00D1B1E0402A00D190
:10AD2400C9E0DB06DB0E012B00D123E1022B00D1AD
:10AD3400CDE0002B00D0A3E0202A00D1CEE1002AF0
:10AD440000D09DE06379092B00D999E0784A9B00F3
:10AD5400D3589F46714D2B78DB0700D460E7FFF78B
:10AD6400C5FE5DE7039BDB78DB0700D458E760682A
:10AD7400FFF7AEFE54E7694D2B78DB0700D44FE7AD
:10AD840028780007C00FFFF7AFFE49E72378664F26
:10AD940098463B7800250022FF2B00D179E0604ED5
:10ADA40060498A4631004646884611E05246EB0027
:10ADB40012685B199B00D318002B45D0DB68300068
:10ADC40098473B780135591CC9B2EAB2914260D91F
:10ADD4009342EBD838D14346F1E72378524F984653
:10ADE4003B78002500224646FF2B12D116E04A4646
:10ADF400EB0012685B199B00D318002B1FD0DB6893
:10AE0400300098473B780135591CC9B2EAB29142E7
:10AE140004D99A42EBD312D1029BF1E73F4D54225D
:10AE240000212800FFF782FA1022FF21281DFFF7D6
:10AE34007DFA28002022FF211430FFF777FA00F072
:10AE44009FFBFFF74FFEEBE6344D00F099FB2379AF
:10AE5400AB70E5E693420CD013B0F0BCBB46B246EF
:10AE6400A946A046F0BDA3686279207800F0A6FB4D
:10AE7400D6E6304D21E7834260D00027002A61D016
:10AE840020780021FFF7AEFD80212078FFF7AAFD8E
:10AE9400C6E6224D542200212800FFF747FA10226B
:10AEA400FF21281DFFF742FA28002022FF21143039
:10AEB400FFF73CFAC9E7204800F06CFB012150463B
:10AEC40010AAFFF701FE002800D0A9E6D8E7217AEE
:10AED4000F23C80980460B405B0013480593EB1809
:10AEE40043441B7D00788342C5D20E48DF00FB1823
:10AEF40007689B00FF18002A24D0002FC0D078696F
:10AF040000F048FB012150467B6910AA9847DAE714
:10AF1400DC270120B4250120E042012088420120E1
:10AF240079B80020703E0120CD4D0120D04D012084
:10AF3400D825012001BA0020D9A80020002A00D079
:10AF4400E8E0CF4F6679022233009343012B49D0C6
:10AF5400002E95D1059B0EAAEB18434430331B7980
:10AF640002329B07DB0F13805046022310A900F026
:10AF7400B3FA55E6237A0F2B00D981E7C14AEB18BF
:10AF84001B791278934222D300D079E7BE48BC4D96
:10AF940000F000FB012150466B6910AA9847002875
:10AFA40000D03DE66022150023791D401A4200D0EE
:10AFB40066E700F0EFFA63790A2B00D1C1E00B2BAE
:10AFC40000D05DE7504610A900F070FA28E6AF4AB9
:10AFD400D9001568CB189B00ED18002D00D14FE760
:10AFE4006869D5E7E388002B12D1049B1878012EF9
:10AFF40000D198E0FFF7F6FC0221059BEB184344CF
:10B0040030331A790A4301211A711A790A431A71E1
:10B01400002F00D104E6786900F0BCFA7B690121B5
:10B0240010AA50469847002000F0B4FA3523EB5C90
:10B03400DB0700D5F4E5C5E7A37905931A006B781F
:10B044009A42BFD06B78002B00D027E1059B6B7030
:10B05400002B00D07EE0FFF745FDB3E76B780EAA26
:10B06400023213705046012310A900F035FAD7E5D7
:10B07400E3881A0AD8B20F2A00D901E78449930059
:10B08400CB589F4610A800F08BFA5046A179FFF7E1
:10B09400E3FB02222B7813432B70C1E5E388012BD9
:10B0A40000D0EDE608222B785046934310A92B706C
:10B0B40000F0FCF9B4E5022029780EAB9A1C8B064B
:10B0C4008908DB0F01400B434DE7E388012B00D0D7
:10B0D400D6E608222B7813432B7073E7237A0F2BC1
:10B0E40000D9CDE6EB181979664B1B78994214D236
:10B0F400664ACB0015685B189B00ED18002D00D143
:10B10400BEE6686900F046FA012150466B6910AA50
:10B114009847D8E65C485A4FF2E6994200D0AFE629
:10B124005948574DEEE7FFF777FC0221059BEB18D2
:10B13400434430331A798A431A711A79B2431A7123
:10B1440066E70EAB9A1C5046012310A9157000F057
:10B15400C3F965E518000138C0B2FCF7D7FD002833
:10B1640000D186E043780993022B00D081E0C179B5
:10B17400013B8A1149111A400B4030210700A846AF
:10B1840052011B0113432A7809378A4313432B7056
:10B19400C37882781B021343C3180793394B069371
:10B1A4003C4B0A93364B0B93384B0C93079BBB4297
:10B1B40062D97B7801220B2B02D13B78FA78FF18F5
:10B1C4007B78042B54D1079BDB1B9BB20893069B13
:10B1D4001B78FF2B4CD00021002605910D921EE018
:10B1E400059A9446D3000C9A634415689B00ED18A5
:10B1F400002D3DD02B6939005046089A9847844663
:10B20400082802D9089A82420FD2069B05991B7816
:10B2140001315A1CD2B2CEB20591B24228D99E4213
:10B22400DED325D10A9B0B9DE5E70D9A012A00D1B7
:10B2340082E00021454609E0BB78CB18DBB2EB186D
:10B244001879FF2815D101311E71C9B29142F3D189
:10B25400A8466546330039002A000F4800F0A4FDD3
:10B26400AC46069B67441B780133DBB2B3429DD8DE
:10B27400454600236B7003E6FFF732FCA2E6C046A6
:10B2840060260120CD4D0120FDB90020703E012033
:10B2940000260120A5B800209C4201200021504630
:10B2A400FFF7E4FA5046FFF787FBAB78404F06936D
:10B2B4003B780022FF2B21D03E493F4E07912900C5
:10B2C4001500884610E0EB0032685B199B00D31828
:10B2D400002B0ED0DB68504698473B780135591C4B
:10B2E400C9B2EAB2914208D99342ECD801D1079B82
:10B2F400F1E74546069BAB70A8E64546542200217B
:10B304002800FFF713F81022FF212C48FFF70EF84E
:10B314002022FF212A48FFF709F8EBE7FFF7DAFBC1
:10B32400021E00D1ACE5D37891781B020B43504642
:10B3340010A900F0D1F8C6E5224B2969994200D042
:10B3440077E77B79012B00D073E7BB79012B00D021
:10B354006FE7FB79002B00D06BE7099A69E7FFF7E9
:10B36400BBFB021E00D18BE55046137810A900F0F8
:10B37400B3F8A8E52189FCF7CDFC021EF4D17FE5E2
:10B38400022A0FD0FFF7AAFB021ECCD178E5FCF706
:10B39400B9FC021E00D173E51223504610A900F037
:10B3A4009BF890E5FCF7B2FC021EBCD168E5C046F0
:10B3B400CD4D012079B80020703E01208C4201203F
:10B3C4009C420120A5B8002070B50C00074B002258
:10B3D4001D78074B2000997800F08AFC002803D0E0
:10B3E40021002800FFF75EFA70BDC046DC2701206B
:10B3F400884201200B000F2010B51840DB093433BC
:10B404004000044AC018044B1168C01800F02CFC1A
:10B4140010BDC046DC420120884201200B000F20F1
:10B4240010B51840DB0934334000044AC018044BFB
:10B434001168C01800F040FC10BDC046DC42012079
:10B444008842012070B50F240F480C406400041991
:10B45400CD09641930342079C00701D5002070BDAE
:10B46400012625790948354300782571FFF7A8FAA4
:10B474000028F4D1012223799343237123790332E1
:10B4840093432371EAE7C04688420120DC27012068
:10B494000F22054B0A405200C9099B185B18303330
:10B4A4001879C007C00F70478842012070B5094C55
:10B4B4000600082220000D00FEF73EFF0023802135
:10B4C400E360A3602B783000994300220023FFF748
:10B4D400B9FF70BDB83E0120F8B5CE464746904648
:10B4E400254E80B58146082230000D001F00FEF76E
:10B4F40023FF4346B3600023F381EC79AB79240244
:10B504001C43231CBC4200D93B1C9FB2B381002CBA
:10B514000DD0002F17D04246002A2BD0402F1BD825
:10B524009FB233787F2B1CD80021144A0FE080216E
:10B534002B780022994348460023FFF783FFC0BCC1
:10B54400B946B046F8BD7F230022317899433B00C9
:10B554004846FFF777FFF2E740239FB233787F2B0B
:10B56400E2D9064C3A0041462000FEF7E5FE802170
:10B574002200ECE70020E2E7B83E0120783E0120FB
:10B5840010B5142200210248FEF7D0FE10BDC046BB
:10B59400B83E0120014B18617047C046B83E0120F7
:10B5A40010B5054C010008222000FEF7C5FE00235B
:10B5B400A360E36010BDC046B83E012070B5384CAE
:10B5C4001D0023780600DA09C9098A4210D0002038
:10B5D400002D00D070BD21003000FFF755F923691C
:10B5E400002B03D022000321300098470120F1E70B
:10B5F4007F2B06D8A068002834D02A002949FEF7FA
:10B604009BFEE289A1685219E38892B24919E2814A
:10B61400A160934214D03F2D12D9A389981A051C16
:10B6240080B240282AD82078ADB27F2828D80021BB
:10B634009A422FD01B4A2B003000FFF703FFC9E7C3
:10B644002369002B05D022000221300098470028EE
:10B654000AD0802123780022994330000023FFF789
:10B66400F1FEB7E70020B5E700213000FFF7BAF993
:10B6740030008021FFF7B6F90120ABE74025D2E77F
:10B684009A4209D0074C2A002000FEF755FE80217B
:10B694002200D0E70022CEE780210022CBE7C0467B
:10B6A400B83E0120783E01207047C046F0B54546BB
:10B6B400DE4657464E46E0B585B090461D000190E3
:10B6C400002A00D17EE0002D00D17BE08446830077
:10B6D400039363441A01D31A9946DB0019003F4AC5
:10B6E4000831924608002C3153440A005F7B002342
:10B6F4005244504402929B463A0057468246002ADE
:10B7040030D014004B46DB00FB18197B641AAC42A2
:10B7140000D92C00FF231E002640234246D0AE420F
:10B7240050D80131320040465144FEF705FE4B46E5
:10B73400D80039180B7B4A7B1B19DBB2B3440B735B
:10B74400B044AD1B934209D0002DD8D1584605B062
:10B75400F0BCBB46B246A946A046F0BD00238B818F
:10B76400002DF3D04B46DB00FC1822003532127852
:10B77400002AEBD0F85C52460423029900F01CFD29
:10B784000428E3D10F23227A1340012211009940A7
:10B794000B0013490B421CD10321194212D1114849
:10B7A400034212D0627301240122ABE79142A8D173
:10B7B400019B039A9C46624413019B1A0A4ADB00CC
:10B7C400D652CFE700239B46C0E7617303220324CC
:10B7D40098E7022302226373022493E7284001209E
:10B7E400443000002080000034400120F0B54E4673
:10B7F40057464546DE468446E0B51F0089B08300BF
:10B804000493634491461A01D31A784DDE000793DA
:10B81400AB195B7C03900291002B00D1BBE0330099
:10B8240010339846A844002F58D0B31C9C46AC440F
:10B834004246069363460024B84605930192A85DE8
:10B84400019900F00FFC032800D8A6E04B461A5DCE
:10B85400AB1999790134002926D1023198788C46A4
:10B8640099710D31DA700140042952D09E210127CB
:10B874001009C901C140BA460F40BB4657460F42A2
:10B8840040D101000C39012900D87DE00F2800D1F6
:10B8940087E00F21029A12010A439A705A46079BC5
:10B8A400DB00EB189A8062E0032923D858188270D1
:10B8B4009F78481CBA460F27BC46C0B283465746F9
:10B8C400987160460740042F27D0AB19DB795B459C
:10B8D4002CD0A045B3D1019B47469846039B049ABC
:10B8E4009C46624413019B1ADB004146E85C00F06D
:10B8F40011FB3C00200009B0F0BCBB46B246A9468F
:10B90400A046F0BD029A120102439A700422DA7131
:10B91400DFE7F72A26D0D971DBE7F72AD5D1029AD7
:10B924000431120111435A469970DA715B46042BB3
:10B934000BD05B460422D21A069B58469C466044B0
:10B944000021D2B22818FEF7F1FC0423059AA85D61
:10B95400019900F021FB0022AB1D9B191A800428D9
:10B96400B7D0C7E70521029A12010A439A70039BD4
:10B97400049A9C46624413019B1A0222DB00EB18D2
:10B98400DA7102239B46D4E7029A120102439A70A9
:10B994000322DA719DE70024ACE7019B2700984657
:10B9A4009CE7F02A09D0130061468B43F12B1AD08F
:10B9B400F22A15D00522022101E004220421039B6E
:10B9C40004989C46604403011B1A0298DB000001A2
:10B9D400EB180243D9719A70022900D079E7D0E7B5
:10B9E40003220421EBE702220321E8E72840012097
:10B9F4009622F0B5134C85B0002120009200FEF78A
:10BA040095FC80262300402720000F4D76005833F4
:10BA140002950093002200230021039701963430FD
:10BA240000F004FA20005934403DFF340023012281
:10BA340000210397029501960094103000F0F6F966
:10BA440005B0F0BD28400120E83F012010B5054CA9
:10BA5400200000F021FA2000243800F01DFA012013
:10BA640010BDC0465C40012070B5094C1022002175
:10BA74002000FEF75BFC20003C3000F089FE200033
:10BA8400002535231830E55400F082FE657470BD3E
:10BA940028400120F0B54F46D6464646C0B54B79FE
:10BAA40007000C00012B05D00020E0BCBA46B146CB
:10BAB400A846F0BD8B798D18012B2FD04A78042A23
:10BAC400F2D18846032BEFD14346DB799A46002B0B
:10BAD400EAD1444B994635234A46D35C002B02D025
:10BAE400537C002BE0D14B461F7043464A469B785B
:10BAF400537043461E781A794644002A0BD0B54247
:10BB040009D93378F3189D4205D37178052923D0D8
:10BB14001E009245F3D3301B80B2C6E7CB79002BCD
:10BB2400C2D10B789846884443465A78A8450AD22D
:10BB34001B7843449D4206D3242A04D198464346A5
:10BB44005A78A845F4D3042AAED143465B79012B35
:10BB5400AAD143469B79B5E731003800FFF734FC9E
:10BB64000028A1D0737931791B020B431E495B0570
:10BB74008C465B0D634459424B41B278DBB2D10928
:10BB8400012921D04846352142540139425C022022
:10BB94005B008243484613434A463C30535400F00A
:10BBA400F7FD49463800343100F076FA002800D118
:10BBB4007AE752460132D2B292464246337812793B
:10BBC400F118F65C8E19A4E749464A740A7C0221EE
:10BBD40048468A435B0013434A461830137400F006
:10BBE400D7FDE6E72840012000FEFFFF0020704754
:10BBF40070B505003520184C1E00205C884206D024
:10BC0400637C00208B4201D1002A0FD070BD002A32
:10BC140006D14023E35A002B16D10020FFF744FD40
:10BC240028000E4900F038FA0120EFE71034210013
:10BC3400280000F06FF90028F6D132002100280016
:10BC440000F02CF90120E1E72000A16BB2B23C30F6
:10BC540000F0E2FCE1E7C046284001205C400120FE
:10BC640010B5FDF70BFB10BD037870B5DB070400BE
:10BC74000E00DD0F002B17D103785B0701D52800D8
:10BC840070BD01213000494204F0C4FF2378DB0772
:10BC9400DD0F002B0AD123785B0708D40422237814
:10BCA40001251343237002E00025E8E70025300056
:10BCB40004F0F6FFE3E7C04670B50C00012106006E
:10BCC4004942200004F0A6FF33785B07DD0F002B08
:10BCD40004DB200004F0E4FF280070BD3378DB07A8
:10BCE40004D40422337893433370F2E70025F0E759
:10BCF40050B54479037924021C43C37866059B0735
:10BD0400760D9B0F022B1DD0032B0CD00020012B92
:10BD140008D102394B4259411F4B9C466144B14200
:10BD24004041C0B250BD02394B1E99411B4B4942A0
:10BD340019408023DB009C4600206144B14240410D
:10BD4400C0B2EFE7022912D0002A03D080239B005F
:10BD54009E4218D0202E10D8FF23DB001C4219D09D
:10BD64000F4B083EB6B2F34001201840DAE70D4B02
:10BD7400F01843425841C0B2D4E73000403843423F
:10BD84005841C0B2CEE7C13BFF3B0371002343716E
:10BD94001000C7E70020C5E7FF03000040FCFFFFD9
:10BDA4000101000100FEFFFF8A1870B5914207D21D
:10BDB4000F264C78052C04D00C7809198A42F8D83F
:10BDC40070BD34008D782C4064000419ED0963556E
:10BDD4000C7809198A42ECD8F2E7C04670B54D1EBA
:10BDE4000300EDB200291ED0017800200E003018A7
:10BDF40080B25B18904205D30FE0081880B25B183C
:10BE040082420AD91978002907D05C780B2C0BD010
:10BE1400042CF2D1DC78002CEFD1013DEDB2FF2DE2
:10BE240002D01978E3E7002070BDC046F0B5C646DD
:10BE340000B582B0150008AA40CA040017886A46F3
:10BE4400928D012090460A0021780240814320000F
:10BE5400114321703A00009331000123083000F0AF
:10BE640025FA002E01D0002F08D10A9B012063601F
:10BE74004346638002B080BCB846F0BD26001C3641
:10BE84003000FCF7D1FE0023002D01D03300002642
:10BE94006361A661E9E7C04601207047022370B5DB
:10BEA400050008780C00034059424B4117495B4296
:10BEB4000B401749268A8C46618A82B063448E42BD
:10BEC40017D1002A15D0134213D16178C00713D4B7
:10BED4002800FFF78FFA00280BD023786178DB075E
:10BEE4000ED50023002228000193009301F0B2FD37
:10BEF40000E0002002B070BD280001F05FFDEAE719
:10BF0400002300222800FFF79DFAF3E740FEFFFF1D
:10BF1400FF01000070B50E000836050082B0300045
:10BF24000C0000F0F9F9002824D023782800617867
:10BF3400DB0722D4FFF75EFA00281BD030006288AA
:10BF4400616800F063FA01232278060061781340E7
:10BF540000280AD06268002B12D103002800FFF7E2
:10BF640071FA002806D0300005E02800002B0FD01D
:10BF740001F04AFD002002B070BD01F01FFDDBE7B7
:10BF84000023019300930300280001F063FDE8E718
:10BF9400FFF744FAEEE7C046F0B5C64600B5070021
:10BFA4000C0090461D0082B0002B20D08B89002B02
:10BFB40033D123784978DB071FD4FFF71BFA002815
:10BFC40015D06688AE4226D8320041466068FEF736
:10BFD400B3F922786178B3B2D20711D40022002ECB
:10BFE40000D062683800FFF72DFA002800D100263F
:10BFF400300002B080BCB846F0BD01F0DFFCDEE7E3
:10C004000022002E00D062680020019000903800C9
:10C0140001F020FDE9E72E00D6E7082341469846C3
:10C02400AAB20225A044404600F0F6FA237806009E
:10C034001D406B425D410A4B6D421D4080239B00B5
:10C044009C464046654400F067F9A84202D2A389A1
:10C05400AB42CDD221003800FFF75CFFC8E7C046F1
:10C0640040FEFFFF10B58B890C00002B0FD1237805
:10C074004978DB0707D4FFF70BFA03000020002BF5
:10C0840000D1608810BD01F045FD0300F6E708000B
:10C09400083000F057F9F5E7F0B5C64600B58A89CF
:10C0A40005000C000B7882B0002A16D14978DB0712
:10C0B4005AD4FFF79FF9002851D022786388617819
:10C0C400D20754D40022002B00D062682800FFF766
:10C0D400B9F9002843D0608842E09B0733D4270095
:10C0E400344B083738004026984600F02BF9864236
:10C0F40035D8237828006178DB0743D4FFF77AF931
:10C1040000282CD0380000F01DF901232278617832
:10C114001A40864239D84346678803403E1C9F42F2
:10C1240000D91E1CB6B2002A35D00022002E3ED102
:10C134000023280001930093330001F08BFC0028B6
:10C144000DD030000CE02700FE23802608371B02A8
:10C154003800B600984600F0F5F88642C9D90020A8
:10C1640002B080BCB846F0BD01F028FCA3E7002271
:10C17400002B00D06268002001900090280001F09C
:10C1840069FCA6E701F01AFCBAE72800002A0BD0E4
:10C1940001F03AFCE3E70022002E00D0626833008D
:10C1A4002800FFF74FF9CAE7FFF738F9D7E76268C5
:10C1B400BEE7C046C0FF0000F0B50C00CE464746BF
:10C1C40080B527000837110005009AB2380083B003
:10C1D40000F01CF9A28906002378002A1BD128004C
:10C1E4006178DB074ED4FFF705F900280DD02278DB
:10C1F40063886178D20736D50022002B48D100200D
:10C2040001900090280001F025FC300003B0C0BC70
:10C21400B946B046F0BD9B072DD4234B9946402325
:10C224009846380000F08EF84045EED32378280075
:10C234006178DB0729D4FFF7DDF80028E5D0380062
:10C2440000F080F80123227861781A40804521D8D3
:10C254004B46184063889C46031C604500D96346DE
:10C264009BB2002AC8D10022002B00D062682800AB
:10C27400FFF7E8F8C9E7FE231B02994680239B00D9
:10C284009846CEE701F09AFBAFE701F097FBD4E7BD
:10C294006268B4E72800002A02D001F0B5FBB4E7D5
:10C2A400FFF7BCF8B1E7C046C0FF0000F0B5C646D2
:10C2B40000B504006846057E8020884617001E00ED
:10C2C4000002824226D8E068002803D001214942B6
:10C2D40004F0A0FC2069002803D00121494204F0A5
:10C2E40099FC4346236073045B0CED031D43002358
:10C2F400E0686381A780E5802381002801D004F0F1
:10C30400CFFC2069002801D004F0CAFC012080BCC5
:10C31400B846F0BD0020FAE710B504894189828847
:10C32400A3B288B28C4207D31B1A9BB2101C9A4248
:10C3340000D9181C80B210BD5100091A5B189BB2B9
:10C34400F4E7C04610B5048941898288A3B288B253
:10C354008C4207D31B1A9BB200209A4201D9D21AED
:10C3640090B210BD5100091A5B189BB2F4E7C046A5
:10C3740070B5040000690E00002803D00121494271
:10C3840004F048FC25896089A288A9B283B2854259
:10C3940032D3CD1AADB2002D28D0AA4208D2914290
:10C3A4002FD3891A8BB263819A4203D89B1A9BB20A
:10C3B4009A42FBD9E28821685204520C534330005C
:10C3C400C918FDF7B9FF63890125591C89B2A288F0
:10C3D4008B420DD900215200891A89B220696181EA
:10C3E400002801D004F05CFC280070BD618989B28A
:10C3F40052009142F2DBEFE75500ED1A4D19ADB250
:10C40400C9E789188BB26381CEE7C046F0B54646CA
:10C414004F46D646C0B506000069894690460028B6
:10C4240003D00121494204F0F5FB31897289B588B2
:10C434008BB294B2914254D31F1BBFB2002F4AD087
:10C44400BD4205D2AB4251D25B199CB22F0074811C
:10C454004346B8453DD89FB2A54203D8641BA4B255
:10C46400A542FBD9F28831685204520C90466243CB
:10C474002B1B9BB2891842469F4225D953439BB23A
:10C484001A0048469A46FDF757FF434648467D1B27
:10C4940064195C4331685044A2B2FDF74DFF7189C1
:10C4A400B588CB199BB26A00994216D99B1A9BB2E4
:10C4B40030697381002801D004F0F2FB3800E0BC3D
:10C4C400BA46B146A846F0BD48467A43FDF734FF64
:10C4D400E5E73B1CBFE773899BB26A009342E7DB45
:10C4E400E4E76F003F1BDF19BFB2A7E75B1B9CB2F9
:10C4F400ACE7C04670B5040000690E00002803D004
:10C504000121494204F086FB25896089A288A9B2E9
:10C5140083B2854221D3CD1AADB2002D23D0AA42D5
:10C5240008D2914221D3891A8BB263819A4203D8EB
:10C534009B1A9BB29A42FBD9E28821685204520C9E
:10C5440053433000C918FDF7F7FE01252069002880
:10C5540001D004F0A5FB280070BD5500ED1A4D195B
:10C56400ADB2002DDBD10025F0E789188BB26381D1
:10C57400DCE7C046F8B50400C0680E00002803D00C
:10C584000121494204F046FB258920896189A2885A
:10C59400ADB283B28FB2884229D3DB1B9BB29A42DD
:10C5A40009D8E779FF0906D1E068002801D004F032
:10C5B40077FB3800F8BD2B0095421DD39B1A9BB224
:10C5C4009342FBD2E28820685204520C5343310058
:10C5D400C018FDF7B1FE6B1C9BB2A2889D4217D90F
:10C5E400002352009B1A9BB201272381DCE75100F0
:10C5F400C91B5B189BB2D2E7E28820685204520C34
:10C6040053433100C018FDF797FE0135A288ABB241
:10C6140052009342E8DBE5E7F0B54E465746DE4666
:10C624004546E0B589460600170083B0002A67D066
:10C63400C068002803D00121494204F0EBFA338991
:10C64400F2799BB298467389B5889BB2D20940D1DE
:10C6540098455ED26A00D31A43449BB2AB425DD282
:10C66400EB1A1A1C9BB2BB4200D93A1C97B27B1B33
:10C674009BB20193F3885B045B0C9A464346DB1937
:10C684009BB29B464446A84503D3641BA4B2AC4268
:10C69400FBD25346634330682D1BADB2C018BD4274
:10C6A4004BD3524649467A43FDF746FEB3885B00B6
:10C6B400D84501D89B4503DB5A46D31A9BB29B4607
:10C6C4005B463D003381F06800281AD004F0E8FA94
:10C6D40017E0F2885204520C9246AF4220D2984599
:10C6E4004DD34246D21A92B26900781B80B2D21955
:10C6F40001908A4233DA4346FB189BB29B46C1E75A
:10C704000025280003B0F0BCBB46B246A946A046AB
:10C71400F0BD4246D31A9BB2AB42A1D30025D2E767
:10C72400002DD0D07F1B574398465A19002392B24C
:10C73400B94493462F000193A4E753465D43ADB239
:10C744002A004946FDF7F8FD019B2900E2185346EB
:10C754005A43306892B24944FDF7EEFDA6E75A19F0
:10C7640092B29346D21B92B2904693420CD943465E
:10C77400591A8BB29846FB189BB29B4682E7690014
:10C78400CA1A424492B2B0E7914200DD7AE7EEE77A
:10C7940010B50400C068002803D00121494204F008
:10C7A40039FA2069002803D00121494204F032FA01
:10C7B4000023E06863812381002801D004F070FA2B
:10C7C4002069002801D004F06BFA012010BDC04696
:10C7D40070B5FEF739F90C230D4C0E4DA3672900F3
:10C7E4000520FCF799F82900FF220520FBF79AFFA2
:10C7F4008022002192000848FDF798FD032323645A
:10C80400064B074AE36490230120E25070BDC04602
:10C8140000001150891A0120604701200086002081
:10C824007B0400007047C0467047C046044B186D37
:10C83400C0239B001840431E9841C0B27047C046B5
:10C8440000001150064B10B5186D8005800F0128AB
:10C8540002D0022801D1002010BD0248FBF75EFE81
:10C86400000011501421012070B5CD4C0D00237827
:10C87400002B02D0A37E002B54D1002D51D03D2398
:10C88400E35CAB4200D17BE05D23E35CAB4200D1CF
:10C8940092E07D23E35CAB4200D1A9E09D23E35CFD
:10C8A400AB4200D1C0E0BD23E35CAB4200D1D9E090
:10C8B400DD23E35CAB4200D1F2E0FD23E35CAB4259
:10C8C40000D10BE11E23FF33E35CAB4200D123E133
:10C8D4003E23FF33E35CAB4200D13EE15E23FF33F2
:10C8E400E35CAB4200D161E17E23FF33E35CAB4206
:10C8F40000D17DE19E23FF33E35CAB4200D199E19B
:10C90400BE23FF33E35CAB4200D1B5E1DE23FF334A
:10C91400E35CAB4200D1D1E1FE23FF33E35CAB42E5
:10C924000DD070BD637F8B42A7D100236268237052
:10C934001360A2682000136004F078FF9DE7F023E1
:10C944005B00E25C002AECD0FF2201215200A25CD1
:10C95400501C8140934892004165934920008C46C5
:10C96400002162445160E1540433E358E13019601A
:10C97400F4235B00E358FF30196004F057FFD0E75D
:10C984002023E25C002A00D17EE73E220121A25C42
:10C99400501C8140834892004165834920008C46A5
:10C9A400002162445160E154636A20301960A36A33
:10C9B400196004F03BFF67E74023E25C002A00D1E2
:10C9C40067E75E220121A25C501C814075489200F9
:10C9D4004165754920008C46002162445160E15450
:10C9E400636C40301960A36C196004F01FFF50E7BA
:10C9F4006023E25C002A00D150E77E220121A25C80
:10CA0400501C8140674892004165674920008C466C
:10CA1400002162445160E154636E60301960A36E7A
:10CA2400196004F003FF39E78023E25C002A00D197
:10CA340039E79E220121A25C501C81405948920092
:10CA44004165594920008C46002162445160E154FB
:10CA54000433E358803019608823E358196004F0E4
:10CA6400E5FE20E7A023E25C002A00D120E7BE22F5
:10CA74000121A25C501C81404A48920041654A4908
:10CA840020008C46002162445160E1540433E35891
:10CA9400A0301960A823E358196004F0C7FE07E723
:10CAA400C023E25C002A00D107E7DE220121A25C58
:10CAB400501C81403B48920041653B4920008C4614
:10CAC400002162445160E1540433E358C0301960DA
:10CAD400C823E358196004F0A9FEEEE6E023E25C03
:10CAE400002A00D1EEE6FE220121A25C501C814006
:10CAF4002C48920041652C4920008C460021624458
:10CB04005160E1540433E358E0301960E823E358FA
:10CB1400196004F08BFED5E680235B00E25C002AFA
:10CB240000D1D5E68F2201215200A25C501C814025
:10CB34001C48920041651C49601C8C4600216244DB
:10CB44005160E1540433E358FF30196084235B00DF
:10CB5400E358196004F06AFEBAE690235B00E25CD5
:10CB6400002A00D1BAE69F2201215200A25C501C87
:10CB740081400C48920041650B4920008C460021FD
:10CB840062445160E1540433E35821301960942322
:10CB94005B00E358FF30196004F048FE9EE6C0468F
:10CBA400604701200030115000001150A0235B00A9
:10CBB400E25C002A00D197E6AF2201215200A25C78
:10CBC400501C81404E48920041654E4920008C46DD
:10CBD400002162445160E1540433E3584130196048
:10CBE400A4235B00E358FF30196004F01FFE7BE6CA
:10CBF400B0235B00E25C002A00D17BE6BF22012166
:10CC04005200A25C501C81403D48920041653D4960
:10CC140020008C46002162445160E1540433E358FF
:10CC240061301960B4235B00E358FF30196004F0ED
:10CC3400FDFD5FE6C0235B00E25C002A00D15FE6F5
:10CC4400CF2201215200A25C501C81402C4892004A
:10CC540041652C4920008C46002162445160E15416
:10CC64000433E35881301960C4235B00E358FF3078
:10CC7400196004F0DBFD43E6D0235B00E25C002A8C
:10CC840000D143E6DF2201215200A25C501C814006
:10CC94001B48920041651B4920008C4600216244D8
:10CCA4005160E1540433E358A1301960D4235B008C
:10CCB400E358FF30196004F0B9FD27E6E0235B0078
:10CCC400E25C002A00D127E6EF2201215200A25C97
:10CCD400501C81400A48920041650A4920008C4654
:10CCE400002162445160E1540433E358C1301960B7
:10CCF400E4235B00E358FF30196004F097FD0BE672
:10CD0400003011500000115010B501210520FBF72F
:10CD1400C1FC10BDF0B557464546DE464E46E0B56B
:10CD2400D37808009B07990F88460F0083B0002B27
:10CD340069D02021794B595C002900D1C6E04021FB
:10CD4400595C002900D1C8E06021595C002900D158
:10CD5400C5E08021595C002900D1C2E0A021595CC2
:10CD6400002900D1BFE0C021595C002900D1BCE0FA
:10CD7400E021595C002900D1B9E080214900595CC7
:10CD8400002900D1B5E090214900595C002900D167
:10CD9400B1E0A0214900595C002900D1ADE0B021E7
:10CDA4004900595C002900D1A9E0C0214900595C1F
:10CDB400002900D1A5E0D0214900595C002900D107
:10CDC400A1E0E0214900595C002900D19DE0F02454
:10CDD4006400195D002900D199E0FF214900595CE4
:10CDE4004F4DCE001C197519A5604E4D8901AC46F6
:10CDF4004D4D6644AC464D4D61444D40AC46B34642
:10CE04006660E1600BE0454B49494A4E99604A49E6
:10CE1400B346D960C02149008C461C005E60157978
:10CE24009178A946557992794E4692460F222D0261
:10CE34000A403543A170CE0951425141E170414647
:10CE4400E17661466D05BF066D0D0F43A021258374
:10CE540055460906B146607766703943002D31D1D5
:10CE64005D462960012121709C4223D04B46150464
:10CE74000543002B02D180239B041D432F4B1E6DC1
:10CE8400B605B60F012E02D0022E43D1002600F0C3
:10CE9400DFFCB04202D08023DB041D432749A37F7B
:10CEA4008C469A0062445560012201339A40130073
:10CEB400234A5365012003B0F0BCBB46B246A946E1
:10CEC400A046F0BD013D2D042943C9E70124611E9C
:10CED4006401C9B21D19A97782E70224F7E7032484
:10CEE400F5E70424F3E70524F1E70624EFE7072434
:10CEF400EDE70824EBE70924E9E70A24E7E70B2434
:10CF0400E5E70C24E3E70D24E1E70E24DFE7D23C58
:10CF1400FF3CDCE70B48FBF701FBC0466047012000
:10CF240088001050080010500002105000001050EB
:10CF3400800010500001105080011050000011506A
:10CF44000020115014210120F0B54F46D646464624
:10CF5400C0B582B098466B461B8D0D009A460F23D0
:10CF64001F00D1098946C24C1740134200D19DE0ED
:10CF74001133E35C002B04D03D23E35CAB4200D1CE
:10CF840007E14023E35C002B04D05D23E35CAB4268
:10CF940000D10AE16023E35C002B04D07D23E35C31
:10CFA400AB4200D108E18023E35C002B04D09D2335
:10CFB400E35CAB4200D106E1A023E35C002B04D088
:10CFC400BD23E35CAB4200D104E1C023E35C002B4E
:10CFD40004D0DD23E35CAB4200D102E1E023E35C57
:10CFE400002B04D0FD23E35CAB4200D100E180239D
:10CFF4005B00E35C002B05D01E23FF33E35CAB42F4
:10D0040000D1FCE090235B00E35C002B05D03E23C1
:10D01400FF33E35CAB4200D1F9E0A0235B00E35CA7
:10D02400002B05D05E23FF33E35CAB4200D1F6E076
:10D03400B0235B00E35C002B05D07E23FF33E35C6D
:10D04400AB4200D1F3E0C0235B00E35C002B05D0CE
:10D054009E23FF33E35CAB4200D1F0E0D0235B00BE
:10D06400E35C002B05D0BE23FF33E35CAB4200D16D
:10D07400EDE0E0235B00E35C002B05D0DE23FF330F
:10D08400E35CAB4200D1EAE0F0235B00E05C002803
:10D0940006D0FE23FF33E35C0020AB4200D1F1E075
:10D0A40002B0E0BCBA46B146A846F0BDA37826005B
:10D0B400934242D04B46F17E73707B427B41B27007
:10D0C400F370F2686B4B89065340A0220B4312069F
:10D0D400134372687577136001233370A6422CD012
:10D0E4004B463F042F43002B02D180239B041F4354
:10D0F400614B1C6DA405A40F012C03D0022C00D09D
:10D10400C8E00024280000F0A3FBA04202D0802342
:10D11400DB041F435849B37F8C469A00624457602E
:10D12400012201339A401300544A53653000524699
:10D134004146FDF7A9FC0120B2E7524620004146D2
:10D14400FDF7A2FC4E464E4A032494464A4B3F0444
:10D154002F431F601B6D013EA6431B0A66441C40FF
:10D16400012C03D0022C00D094E00024280000F00D
:10D174006FFB031B5A1E93419B0133430122190089
:10D1840091433D4AD1640C210339FDD20120D3647B
:10D1940086E72223E35C934200D0F2E6012676017F
:10D1A400A619B3789342C1D084E74223E35C934247
:10D1B40000D0EFE60226F2E76223E35C934200D05C
:10D1C400F1E60326EBE78223E35C934200D0F3E627
:10D1D4000426E4E7A223E35C934200D0F5E60526A7
:10D1E400DDE7C223E35C934200D0F7E60626D6E7E8
:10D1F400E223E35C934200D0F9E60726CFE78123DC
:10D204005B00E35C934200D0FCE60826C7E7912369
:10D214005B00E35C934200D0FFE60926BFE7A1234D
:10D224005B00E35C934200D002E70A26B7E7B12330
:10D234005B00E35C934200D005E70B26AFE7C12314
:10D244005B00E35C934200D008E70C26A7E7D123F8
:10D254005B00E35C934200D00BE70D269FE7E123DC
:10D264005B00E35C934200D00EE70E2697E7C046CE
:10D2740060470120000010500000115000201150A0
:10D2840009860020F1235B00E35C0F26934200D063
:10D2940006E784E70148FBF741F9C0461421012061
:10D2A4000020704710B5224B0800117880241970B3
:10D2B40051786400597091789970D178D970117946
:10D2C40019715179597191799971D2791949DA7130
:10D2D400194B1A4AD96000219A605970184AD976B4
:10D2E40018495C805A6058771160012208211A702D
:10D2F40099829A76144B18601C6DA405A40F012C16
:10D3040002D0022C11D1002400F0A2FAA04209D0CC
:10D314000E4A0F490C4BDA640C22033AFDD2012069
:10D32400D96410BD0B4A0C49F4E70C48FBF7F6F836
:10D334000000105080011050604701208000105000
:10D3440000011050800100A000001150428600200E
:10D354004386002002860020038600201421012039
:10D36400C27843691A707047F0B589B06A46174BA2
:10D374000D00070003CB03C2092014006E460222ED
:10D3840000216844FCF7D2FFE570114D2770EB8A49
:10D394002A696360AB68A660E360EB68626123613D
:10D3A4002A7D002A0BD001210A4E4942306803F03D
:10D3B40031FC002330682B7503F072FC2369002BC9
:10D3C40001D02000984709B0F0BDC04608440120B0
:10D3D400E027012010450120F0B5CE46474680B530
:10D3E400461EF3B205000C0083B0012B3BD8012983
:10D3F40062D002292ED0002930D12E207043B549A5
:10D40400B54F445C397DC8B2022942D0032800D10B
:10D4140087E0012822D1B14EF18800293AD03B7D22
:10D42400022B0DD00121AE4B49421868984603F0F7
:10D43400F1FB02233B754346186803F031FCF18885
:10D4440080203278BB680240009120002900FFF759
:10D454007BFD03E002212800FFF786FF03B0C0BC78
:10D46400B946B046F0BD012906D00229F2D0002900
:10D47400F4D1994FFC78C5E7974F7E78002E03D1FD
:10D484003B7E022B00D812E101212800FFF76CFF3C
:10D49400E4E7924E92B2FA823B7D032B4AD10123F8
:10D4A40032782900D2095A400023D2012000D2B296
:10D4B4000093FFF749FDD1E7864B98462E235E4340
:10D4C40043469B191B7DDB07DED5834F3B7E022B36
:10D4D400DAD80121824B49421868994603F09AFB35
:10D4E4003B7E3C7501333B760023FB824B46186838
:10D4F40003F0D6FB4346F05C2900784AFFF7D2FEDE
:10D50400041EABD13B7D002BA8D04B4601211868EB
:10D51400494203F07FFB4B4618683C7503F0C0FB9F
:10D524009CE76E4A5178092912D000212800FFF7A0
:10D534001BFF93E701216A4B49421868984603F0A0
:10D5440069FB03233B754346186803F0A9FBA6E770
:10D554001278002AE9D1012BE7D82E231A0072434E
:10D564005C4C9846A71822377B79DB0712D5290033
:10D57400A05C0122FFF794FE01227B797042934361
:10D584007B71574B19684346034018002730201815
:10D59400FEF792FB2E231A007243A71823379846EE
:10D5A4007B79DB0712D52900A05C8122FFF778FE86
:10D5B40001227B79704293437B71494B196843463E
:10D5C4000340180028302018FEF776FB2E231A009B
:10D5D4007243A718243798467B79DB0712D52900B4
:10D5E400A05C0222FFF75CFE01227B797042934328
:10D5F4007B713B4B196843460340180029302018BF
:10D60400FEF75AFB2E231A007243A71825379846B3
:10D614007B79DB0712D52900A05C8222FFF740FE4C
:10D6240001227B79704293437B712D4B19684346E9
:10D63400034018002A302018FEF73EFB2E231A0060
:10D644007243A718263798467B79DB0712D5290041
:10D65400A05C0322FFF724FE01227B7970429343EE
:10D664007B711F4B19684346034018002B30201868
:10D67400FEF722FB2E231A007243A7182737984679
:10D684007B79DB0700D450E72900A05C8322FFF7F5
:10D6940007FE012240467B79764293437B713040FA
:10D6A4000F4B2C3019682018FEF706FB3DE70121CB
:10D6B4000B4B49429946186803F0ACFA3B7E3C7523
:10D6C40001333B764B461868FE8203F0E9FAF8789A
:10D6D40012E7C046AC430120E027012008440120A2
:10D6E400104501207047C046012070477047C0466E
:10D6F4007047C0467047C046F0B55746DE464546BB
:10D704004E464D4BE0B598464C4B87B002934C4B7C
:10D71400824605934346934688461F003B783D0066
:10D7240053454ED00023994601932E352B7853450B
:10D734000DD00223984600239B464B46002BEDD187
:10D7440007B0F0BCBB46B246A946A046F0BD019B5B
:10D75400022601331A0001932E235343FB181B7D29
:10D76400DB0705D54346002B05D06B78434502D033
:10D77400022EDAD1DDE75B46002B02D0AB785B45A5
:10D78400F6D1022E44D00120FFF7B4FF2D4B0395B0
:10D79400049700241D001A78059F0EE0E300396801
:10D7A4001B1B9B00CB18002B03D09B6930009847B0
:10D7B4002A780134E4B2944209D8A242EED8029BFA
:10D7C400F4E700230126994600220193C4E73100BF
:10D7D4005046039D049FFFF747F81B4C637DB342FB
:10D7E40019D06378B34201D1FF2363702E22002144
:10D7F4002800FCF79BFD28000822FF211530FCF7C8
:10D8040095FD28000822FF211D30FCF78FFDAFE7AE
:10D8140001239946BAE7237D002BE2D001210B4B6B
:10D8240049421868039303F0F5F900232375039B19
:10D83400186803F035FAD4E7AC4301204DED00201D
:10D84400743E0120CE4D0120E02701201045012027
:10D854000138C3B2012B05D82E224243034B9B1837
:10D86400D8787047024B9879FBE7C046AC43012057
:10D87400E0270120F0B54F464646D646C0B53D4F99
:10D8840005003B780E00984210D0FF2B10D03100D9
:10D8940028003D70FEF79CFF002804D1E0BCBA4686
:10D8A400B146A846F0BD2800FFF72EFA0120F5E79F
:10D8B4003148FBF7C7F9314C2000143CFBF7C2F99F
:10D8C4002000FEF765FF2E4B1C602E4C2000FBF75A
:10D8D400ABF92D4B1C602D4B18009846FAF7B0FDA0
:10D8E4002B4B1A2218600021B81C9946FCF71EFD28
:10D8F4000123284C5B422E22002120003B80FCF7B0
:10D9040015FD20000822FF211530FCF70FFD200033
:10D914000822FF211D30FCF709FD20002E220021E2
:10D924002E30FCF703FD20000822FF214330FCF7D2
:10D93400FDFC20000822FF214B30FCF7F7FC434696
:10D944001A78154B00249A460FE04946E30009680B
:10D954001B1B9B00CB18002B03D05B6898474346E6
:10D964001A780134E4B2944291D8A242EDD85346D5
:10D97400F4E7C046E0270120E045012010280120FB
:10D984001C4501201445012010450120CE4D0120E5
:10D99400743E0120AC430120E5EC00200138C3B201
:10D9A400012B04D82E224243024BD05C7047024B19
:10D9B400D878FBE7AC430120E0270120431E0A008E
:10D9C400D9B270B5012919D82E25290059430C4C18
:10D9D4006118097DC907C80F002900D170BD0F2047
:10D9E4001040D20925325B42400080181D40054991
:10D9F400401909680019FEF737F9EFE70020EDE751
:10DA0400AC43012010450120431E0A00D9B270B571
:10DA1400012919D82E25290059430C4C6118097D78
:10DA2400C907C80F002900D170BD0F201040D209CA
:10DA340025325B42400080181D40054940190968A1
:10DA44000019FEF739F9EFE70020EDE7AC430120B8
:10DA540010450120F0B5C64600B505000138C4B232
:10DA6400984682B0012C0DD82E230F2458430C4025
:10DA7400134F64002418CE093C19A4192034667984
:10DA8400F60704D5002002B080BCB846F0BD0123DF
:10DA94009C46634666791E4343466671C05D0093A7
:10DAA40013000A002900FFF74FFA0028EBD10122E6
:10DAB4006379934363716379033293436371E1E759
:10DAC400AC430120F8B5431EDAB204000D00012A6C
:10DAD40010D82E265E430D4F0122BB192800D97899
:10DAE400FEF706F900280DD0F05D2A002100FFF7AB
:10DAF40011F9F8BD064E01222800B179FEF7F8F8B5
:10DB0400002801D10020F4E7F078EEE7AC430120CF
:10DB1400E02701200138C3B210B5012B0ED82E2402
:10DB24000F2260430A40064B520010181B18C90903
:10DB34005B1820335879C007C00F10BD0020FCE7E4
:10DB4400AC430120F0B54F464646D646C0B582B038
:10DB5400040068461E00038D884617009946002C71
:10DB64005BD0621ED3B2012B0AD82E235343484AFA
:10DB74009B181B79DB0703D5464D2B7D002B06D064
:10DB8400002002B0E0BCBA46B146A846F0BD424B04
:10DB940001219A461868494203F03CF851462B7D0E
:10DBA4000868DAB2002B35D101332B7500232B76AC
:10DBB4000B9BAE60EB600C9B384E2B61D023DB00DB
:10DBC4003380C023EA8242469B00134373804B4652
:10DBD4006C75F380B78003F063F80B99631EDAB2B7
:10DBE40000291FD0012A4BD82E214B432C4A985C84
:10DBF40021003200FFF756FB041E3BD12B7D002B86
:10DC0400BED0534601211868494203F003F8534635
:10DC14002C75186803F044F8B2E71E4D6B78002B9E
:10DC2400ABD0ADE76946CF1D042139701D492F6182
:10DC3400E960012A2AD82E214B43194A985C210015
:10DC44003200FFF72FFB041ED8D0174C2B78FF2B84
:10DC540012D0226803E013895189994212D13B788A
:10DC6400042BF8D00C9B002B02D01A003B781370C5
:10DC74003B78EB8A012084E73B78042BFCD0F1E766
:10DC8400E878B5E7002000F0F5FBDFE7E878D6E7B1
:10DC9400BC430120E0270120104501200844012055
:10DCA400AC43012071D100201C450120F0B5DE46B3
:10DCB40057464E464546E0B5C378040091B0012B63
:10DCC40013D000220678D74B751E1A70EAB2436946
:10DCD400012A4CD86A422E251540D34AAD18132B7D
:10DCE40049D8D24A9B00D3589F46CE4AD04D137888
:10DCF4000133DBB213706A78FF2A02D0022B00D8FA
:10DD0400F6E2FF2328796B7000283AD111B0F0BCF9
:10DD1400BB46B246A946A046F0BDC64B1A7A032AB2
:10DD240000D8FEE25A89297C002900D01DE3697CD1
:10DD3400002900D0B8E0A97C002900D0A1E0BE4BA6
:10DD44000AAC0893902308221B03002120000993A6
:10DD5400FCF7ECFA08AB26700C93B84B0D93B84B58
:10DD640020000E9311230F9300F0CCFCCEE7002E7D
:10DD7400CCD10025B3E7FF22AD4B18795A700028A7
:10DD8400C4D001F0EDF8C1E7A94D0AAC0A20FDF7B3
:10DD940067FF04AB9C461A20052200216044FCF76F
:10DDA400C5FAA84B220023800823A3800021E87829
:10DDB400FEF7B0FF0028A9D0A34B082208938023C4
:10DDC40000211B0320000993FCF7B0FA08ABA36001
:10DDD4009A4B2000E3609A4B23610623636100F0B1
:10DDE40091FC93E7297C002900D1A5E2A268934B1A
:10DDF40010795279120202430C200290904801904B
:10DE0400E068007800903000FFF79CFE7EE7A97C74
:10DE1400002994D0A268894B1079527912020243E6
:10DE24001020EAE78022834D52006B89934200D987
:10DE34006CE7A26808AF1179D022D2003A80802220
:10DE440092000A437A8000220AACBA80FB80002147
:10DE540020000832FCF76AFA794B26700E931223DD
:10DE6400083520000C970D950F9300F04BFC4DE7FF
:10DE7400697C002900D045E2A97C002900D15EE735
:10DE8400724A0F206D4B02906D4801900220009061
:10DE94003000FFF757FE39E7697C0029ECD0A3680E
:10DEA4005A791879120202430D20644BEBE70A22D7
:10DEB4000292634A00210192E268300012785F4BBB
:10DEC40000920022FFF73EFE20E75A4B9A8A5C89B3
:10DED400188A598AAC80EA819C89DA8AEC802A8281
:10DEE400DC891A8B08332C816881A98130001900E0
:10DEF4006A821C00FFF7F6FB09230293504B0022B1
:10DF0400019302230021009330002300FFF71AFE3F
:10DF1400FCE6A368494F1C793A0021003000FFF762
:10DF2400E3FB0134E4B2002800D007E2EB7CA34217
:10DF340000D8EBE6D02308ADDB002B8080239B00C8
:10DF440023436B8090230AAC1B030822002120008A
:10DF54000993FCF7EBF926700C950D97FFE6344D09
:10DF64000AAC22006979287900F0A6FF01222378FF
:10DF74001A4200D1C5E661780223480701D44B0850
:10DF84001340AB7102E72A4D6A792979E878FFF7E3
:10DF9400B3FB284F244E3B7B092B00D0BAE142232C
:10DFA400F35CDB0700D5B1E60223984643462E24F2
:10DFB400013B5C433419E91C04222000FCF7BCF942
:10DFC4000121237D08AD0B432375FB7B1022637273
:10DFD400A023DB002B8043466B8000230AAC002186
:10DFE40020000993FCF7A2F9154B20000E93072398
:10DFF4000C950F9300F086FB88E60D4C0AAD2A00C1
:10E004006179207900F058FFAB78DB0600D47DE617
:10E014000422617920790A4B0092103200F0C6FE86
:10E0240074E6C046D24D0120AC4301208426012071
:10E03400E02701200844012080060002104401204A
:10E04400BDDA002007050000800600010904000075
:10E054000220FDF705FEA3689F787C1EE3B2012B26
:10E0640000D953E62E2302216343D44ED44DF31832
:10E074001A7D6F700A431A750021E878FEF7F4FBE5
:10E084006B7D9846002B00D172E16B78002B01D197
:10E09400FF336B702E25654373195B7A1A209846FB
:10E0A40004AB9C46052200216044FCF73FF9C54BB4
:10E0B4000AAC2380434622003900705DA380FEF73A
:10E0C40029FE002800D121E6BF4B082208939023A3
:10E0D40000215B0320000993FCF728F908AB2770A3
:10E0E4000C93BA4B20000D93B94B0E9308230F9356
:10E0F40000F008FB0AE61420FDF7B2FDB04AB44B69
:10E104005179107903220092002200F097FEFDE578
:10E11400AB4C0AAD2A006179207900F0CDFE2B7852
:10E12400DB0700D5FFE0FF2320796370002800D1CE
:10E13400ECE526E604222B7D13432B75A54B1A0030
:10E1440059891F7A08328918BF18A34B0591B9421F
:10E1540000D873E19A46A14BA9460493A04BB34659
:10E1640098463A78002A00D14CE17B7801250B2BA4
:10E1740002D1FD78BF187B78042B00D0C6E5059B3F
:10E184002900DA1B380092B2FDF728FE082800D8CF
:10E19400BCE55346390052464F4607930024824655
:10E1A400160089461B78069514E04246E30012687F
:10E1B4001B1B9B00D318002B07D0DD6853464A462F
:10E1C40059463878A847002872D101343378E4B22C
:10E1D400A3420DD39C42E8D3049DEFE7A97C002918
:10E1E40000D1ACE5A3685A7918791202024348E6D3
:10E1F4004B463200B94656461F009246059BBF194E
:10E20400BB42AED8079B5E464D469B465B466C7D43
:10E214001A78734B1868A24200D9BBE00021A242CD
:10E2240003D1704B3000984770E5AC7DA24200D911
:10E23400BAE00121A242F4D0EC7DA24200D9D7E099
:10E244000221A242EDD02C7E944200D2DFE00321D1
:10E254009442E6D06C7E944200D2E5E004219442DC
:10E26400DFD0AC7E944200D2EAE005219442D8D0BB
:10E27400EC7E944200D2ECE006219442D1D0297F76
:10E28400914200D3EEE01C234B43C3180721002B1B
:10E2940000D087E0FF224A4B18795A70002800D03A
:10E2A400BFE0022E00D131E53000FFF721FA2DE561
:10E2B4004B463200069DB94656461F009246002D35
:10E2C4000ED048469B78ED18EDB2C218517DFF2957
:10E2D40000D01BE50133DBB25475AB42F5D1814666
:10E2E40048462300320039001D30FDF75DFD85E707
:10E2F4006420FDF7B5FC200000F004FA002800D1EA
:10E30400FFE403E5A268314B10795279120202430B
:10E314000E2072E5337DDB0700D5F7E40123984630
:10E3240044E6314AFFE4022261792079284B0092C5
:10E33400023200F05FFDE9E42B4AF8E4902308ADD3
:10E344001B012B8000236C800AAC102200212000CA
:10E354000993FBF7EBFF1E4B26700E93132320004B
:10E364000C950F9300F0CEF9D0E40B20174B8AE5FF
:10E374002B7D002B00D188E601211C4B49421868F3
:10E38400994602F047FC43462B754B46186802F049
:10E3940087FC7AE6E3001B1B9B00C318002B00D10B
:10E3A40043E700211B693DE7E3001B1B9B00C318E7
:10E3B400002B00D140E701211B6933E7AC43012066
:10E3C400E027012007050000800600011044012019
:10E3D400BDDA002008440120CE4D0120F9EC0020D4
:10E3E400743E0120BDED0020090400001045012009
:10E3F400E3001B1B9B00C318002B00D123E7022161
:10E404001B690FE71A4B5E464D469B46FEE6E3004A
:10E414001B1B9B00C318002B00D11BE703211B69A6
:10E4240000E700F09DFD3CE7E3001B1B9B00C318C5
:10E43400002B00D115E704211B69F3E69B46E5E6B2
:10E444001C236343C318002B00D111E705211B696A
:10E45400E8E61C236343C318002B00D10FE7062111
:10E464001B69DFE6914200D014E70721D9E6C046D4
:10E47400CE4D0120F0B54E4645465746DE46934BF9
:10E4840080469946E0B5924F8FB0924E05AD3C68F8
:10E494006269EFF3108172B61368002BFCD0BFF3EE
:10E4A4005F8FA16120002900FDF762FF6269A36903
:10E4B400BFF35F8F0021116083F31088002849D0D7
:10E4C4006B78022B4DD013D8002B19D07378287891
:10E4D400002B03D1F378834200D19CE06A79297937
:10E4E400FFF70AF93C686269EFF3108172B6D3E76B
:10E4F400032BCCD16B68002BC9D0A8689847C6E71A
:10E504007478FF2C00D16EE03C68238962699BB269
:10E514009B4663899BB29A46EFF3108172B61368E7
:10E52400002BFCD0BFF35F8FA16120002900FEF710
:10E5340021F86269A369BFF35F8F0021116083F33F
:10E544001088002804D0424669782878FFF7CEF86E
:10E55400D3459CD10FB0F0BCBB46B246A946A046F9
:10E56400F0BD0F232979A8780B40002806D1002B91
:10E57400F0D1AA686979FEF72FFF88E7421ED4B26A
:10E58400012CE7D82E2454434A46A4466244127D03
:10E59400D207DFD55A006244CC094A441219140048
:10E5A400203403926279A34694460122924662463D
:10E5B4005446A2435C4662716279944604229246B0
:10E5C40062465446A2435C466271002BD1D0039B41
:10E5D400414A5B7F1278934230D3BBD13F4CAB6846
:10E5E4006A79A04753E72A787370AB889620B38082
:10E5F400F270FDF735FB33799A46002B29D07179F7
:10E60400002900D143E7012250460092344B0022F6
:10E6140000F014FC3BE7A988B288914200D05DE782
:10E6240018000021FEF720F9737D002B3ED073788B
:10E63400002B00D02BE7FF33737028E7294ADC0056
:10E644001268E31A9B00D318002B00D182E75C699F
:10E65400C5E70122F078B37882409343B370FEF7A4
:10E66400E5F800280DD0F078FEF7DCF83220FDF74D
:10E67400F7FAF078FEF7D8F8F078FEF7D7F8002824
:10E6840007D130797470002800D100E700F068FCED
:10E69400FDE6F078FEF7D6F85346B07108A803708B
:10E6A400C37005234361FFF701FBF0E6337D002BC4
:10E6B400BDD001210C4C4942206802F0ABFA002382
:10E6C4002068337502F0ECFAB1E7C046AC43012090
:10E6D4001C450120E0270120CE4D012015EE00202D
:10E6E400BDDA0020743E012010450120044B0800CF
:10E6F4001B7810B5FF2B01D0FFF7BCFE10BDC04640
:10E70400E0270120F0B5CE46474680B543780400A3
:10E7140083B0002B14D18368002B11D00678002E0F
:10E7240014D0721ED3B2012B0AD82E235343524A5B
:10E734009B181B79DB0703D5504D2B7D002B0CD088
:10E74400002003B0C0BCB946B046F0BD4B4D6B7859
:10E75400002BF5D12B7D002BF2D1494B012198469A
:10E764001868494202F056FA41462B7D0F68DAB226
:10E77400002B03D0380002F093FAE1E701332B7544
:10E7840000236E752B76E368A168AB602369EA8287
:10E79400EB60636908222B613A4B18009946FBF73A
:10E7A400CBFD380002F07CFA2269731ED9B2002A2C
:10E7B4001AD0012947D82E214B43334A985C4A4644
:10E7C4003100FEF76FFD041E37D12B7D002BB7D02F
:10E7D400434601211868494202F01CFA434618686E
:10E7E4002C7502F05DFAABE76A46D71D04223A7035
:10E7F400264A2F61EA6001293BD82E214B43224A45
:10E80400985C31004A46FEF74DFD061E1DD0204E91
:10E814002B78FF2B13D0326803E013895189994276
:10E8240023D13B78042BF8D06369002B01D03A78CC
:10E834001A703B78E370EB8A6360012081E73B78D0
:10E84400042BFCD0F0E7E878B9E72B7D002B00D14E
:10E8540076E7434601211868494202F0DBF9434652
:10E8640018682E7502F01CFA6AE70020FFF702FE12
:10E87400CEE7E878C5E7C046BC430120E027012085
:10E884001045012008440120AC43012071D100202F
:10E894001C450120F8B50400621ED3B20800012B08
:10E8A40000D975E053422E221A40524BD218411C13
:10E8B400C9B207295ED8504B1D78504B1E685318B7
:10E8C4005F7DBD4212D9FB00DB1B9B00F318002BBC
:10E8D4004ED1811CC9B208294ED053185F7DBD4268
:10E8E40007D80CD1464B20009847F8BDBD42F9D05B
:10E8F400EFE7FB00DB1B9B00F318002B38D1C11C96
:10E90400C9B2082938D053185F7DBD4242D8E9D036
:10E91400011DC9B208292FD053185F7DBD4244D8C8
:10E92400E0D0411DC9B2082926D053185F7DBD42ED
:10E9340043D8D7D0811DC9B208291DD053185F7D93
:10E94400BD4242D8CED0C11DC9B2082914D0531833
:10E954005F7DBD4241D8C5D0FF280DD1127FAA42A8
:10E9640043D2D3009B1A9B00F318002B04D0072139
:10E974001B69B8E70829B8D1FF22224B18795A70CD
:10E9840000280FD1012CB0D82000FEF7B1FEACE76F
:10E9940000228CE7FB00DB1B9B00F318002BB7D095
:10E9A4001B69A0E700F0DCFAECE7FB00DB1B9B0033
:10E9B400F318002BB5D01B6995E7FB00DB1B9B000C
:10E9C400F318002BB6D01B698DE7FB00DB1B9B0003
:10E9D400F318002BB7D01B6985E7FB00DB1B9B00FA
:10E9E400F318002BB8D01B697DE7AA42C4D10721D4
:10E9F40078E7C046AC430120CE4D0120743E01208F
:10EA0400BDED0020E027012010B5C3780400002BE1
:10EA140008D10078084B0238C0000422E168C0180D
:10EA2400FBF78AFC0021054A136811602361002B5F
:10EA340001D02000984710BD80490120C44D012019
:10EA440070B5C57888B0002D1ED106780F4BB11E65
:10EA54000A01D2180E4BC9005B18917802AC997068
:10EA640052790021DA700B4B10220093012320000D
:10EA74000193FBF75BFC6B460493074B2000267065
:10EA840006930795FFF73EFE08B070BD704901205C
:10EA94007C49012023030800ADE80020F0B5CE46F0
:10EAA400474680B5C4788BB0002C2BD18368057899
:10EAB4001A795B79AE1E1B021343244A9146F20075
:10EAC40090464F464744BA789A4220D00133DBB28D
:10EAD4001A00511E8A410321524211401C4A04AEBD
:10EAE4000A4302AF0292002110223000BB80FC8056
:10EAF400FBF71CFC174B30003570069708930994FC
:10EB0400FFF700FE0BB0C0BCB946B046F0BD28000C
:10EB14007978FEF753FF002806D14B464246280079
:10EB2400995CFFF7B7FEEDE70B4B32017978D21809
:10EB34002800012301940094FEF78CFF0028ECD1F7
:10EB440028007978FEF760FFE7E7C0467C4901209A
:10EB540020030800ADE800206C490120F0B5D6463A
:10EB64004F464646C0B50478C1788AB0A51E002930
:10EB74002AD1836842691F795B791B023B439A4619
:10EB8400022A57D0032A35D0012A27D07E4BEE0023
:10EB94009846464420007178FEF710FF00280DD0F7
:10EBA4007A4B2A01D2180023717820000193009334
:10EBB4000133FEF74FFF002800D179E00AB0E0BC32
:10EBC400BA46B146A846F0BD6F4EEB00F6182000D9
:10EBD4007178FEF7F3FE0028F0D0E1E7C368100077
:10EBE4009B7818401A4268D19B07CFD5684B039095
:10EBF400029366E004AB99460C2200211800FBF74F
:10EC040095FB2000FEF7CAFE4B4618705E4BEE00E3
:10EC140098469B191A79012393434A46002153705D
:10EC240048461471577103F0EFF84B465B78002B9C
:10EC3400C4D0AEE7544BEE009819984601239C4685
:10EC4400807903409946634603424ED11100014046
:10EC540002427AD10423994603409C464B46034220
:10EC640000D08AE008221100014002425DD1C006B2
:10EC740000D48EE7781E874103207A421040454A2B
:10EC8400024302925346FF2202AF1340BB80F98035
:10EC940004AE00213000EF3AFBF748FB3E4B3470E2
:10ECA40008934B46300006970993FFF72BFD18E0B5
:10ECB40020007178FEF7A8FE80E790235B000293A2
:10ECC400039104AE102200213000FBF72FFB02ABAE
:10ECD40034700693304B3000089304230993FFF7F4
:10ECE40011FD002800D069E750E7781E87417A4279
:10ECF40003272A483A40024302AB02929846FF2275
:10ED040053461340424604AE9380D1803000102213
:10ED14000021FBF70BFB4346347006931E4B300077
:10ED240008930997FFF7EEFCDBE7791E8F41032177
:10ED34007A4211401A4A53460A430292FF2202AF12
:10ED44001340BB806346FB80A2E7791E8F410321F9
:10ED54007A421140134A53460A430292FF2202AFF9
:10ED64001340BB804B4604AE00213000FB80EF3AD9
:10ED7400FBF7DCFA34700697ACE7781E8741032072
:10ED84007A421040084A7BE77C4901206C49012003
:10ED940020010100200114006DE900202001100071
:10EDA400200113002001110020011200F0B51E0003
:10EDB4000B000700581E834103205B421840902338
:10EDC40089B06D465B0003432B80002302AC6A804C
:10EDD400A980102200212000EB80FBF7A7FA0E9BEC
:10EDE40020002770049506960793FFF78BFC09B063
:10EDF400F0BDC046F0B51E000B000700581E83414D
:10EE040003205B421840C82389B06D469B0003432E
:10EE14002B80002302AC6A80A980102200212000EC
:10EE2400EB80FBF783FA0E9B20002770049506966F
:10EE34000793FFF767FC09B0F0BDC046F0B50500C5
:10EE440017001E0089B000291CD06F46A32302AC12
:10EE54000093B9809F3B082200212000FB80FBF730
:10EE640065FA0E9B25706361104B2D012361104BD5
:10EE7400A760ED18E5600F4B20001E60FFF742FC11
:10EE840009B0F0BDA0230093802302ACDB0208226A
:10EE9400002120000193FBF749FA6B4604930E9B73
:10EEA40006962570002605970793E4E719E80020E5
:10EEB40050490120C44D0120010010B5044B023912
:10EEC400C90010000422C918FBF736FA012010BD4E
:10EED4008049012010B5082200210248FBF726FAD8
:10EEE400012010BD7C49012070B5140052790D0039
:10EEF400092A10D1A279002A0DD1E279012A0AD86F
:10EF04000F2B08D92678A6197378052B03D1F3782B
:10EF1400DB439B0701D0002070BD31002800FEF7C1
:10EF2400D1FD0028F7D0A278034B023DE900CA5472
:10EF3400B2785B185A70EFE77C49012010B50128BC
:10EF440006D9064A0238C00010184378002B00D1B5
:10EF540010BD08220021FBF7E9F9F9E77C490120FB
:10EF640070B5104C851EEB00E41882B06178060081
:10EF7400FEF724FD002802D1002002B070BD0A4B28
:10EF84002A01D218002361783000019300930133E1
:10EF9400FEF760FD0028F0D130006178FEF734FD03
:10EFA400EAE7C0467C4901206C490120F0B5114BC9
:10EFB400851EEA00D35C040089B000208B4201D096
:10EFC40009B0F0BD6A460C4B6F4603CB03C2160072
:10EFD400002118223000FBF7A9F9084B2D01ED1888
:10EFE400074B30003470B760F5603361FFF78AFB7C
:10EFF400E6E7C0467C490120D4260120704901205F
:10F0040051E80020F0B54646D6464F46C0B5050047
:10F0140014008AB0861E002A44D1514B3701D85DB2
:10F02400984600283ED001239A4603425BD14D4BBB
:10F0340001249946F3009C464B4663449A78012187
:10F04400002A04D132E00134E4B294422ED8030001
:10F05400E3401942F7D0002C64D1A023029380230B
:10F06400DB02039304AB9946082218000021FBF746
:10F074005DF94B464A461D7002AB93603A4BD4602F
:10F084001361022353610023384A48461360FFF793
:10F0940039FB002806D001200AB0E0BCBA46B146CC
:10F0A400A846F0BD2F4B9946F3009C464C46644459
:10F0B40028006178FEF782FC002801D10020EBE7EC
:10F0C400274B3201D2180023617828000193009362
:10F0D4000133FEF7BFFC0028DDD128006178FEF77C
:10F0E40093FC0020D8E7A02302938023DB02039340
:10F0F40004AB9946082200211800FBF717F94B4688
:10F104004A461D7002AB93600437174B4744D760DF
:10F1140013614B4652465A61144B48461C60FFF734
:10F12400F1FAB6E7A323029302AB9A469C805246B7
:10F134000423D38004AB9946082218000021FBF76E
:10F14400F5F84B4652461D709A604A46022304372E
:10F154005361074B47441361D760034B94E7C046A0
:10F164006C4901207C4901206DE90020C44D012037
:10F1740019E8002001230121084A1360084A13609A
:10F18400084A080013689843FBD1074A116080219C
:10F19400490013680B42FCD07047C04600E00040B1
:10F1A40000F0004008C0004000C0044010B5064B09
:10F1B400064C82B00100009300220B232000F9F7D3
:10F1C400E7F902B010BDC04628210120C84D012036
:10F1D40003001149820151180868D90241400F48BF
:10F1E40010B501400E48A024101801600120984079
:10F1F4000C4BE40518600C4B802118600B4B490440
:10F20400E0500B4B9C46624413680B42FCD18023B4
:10F21400DB00E05010BDC046100000500178000033
:10F224001010005004340050143400504404000002
:10F234000C000050F0B54E468146474ADE464A442B
:10F24400531E9A418023574645465B029C46E0B5CF
:10F25400424B1204624485B01A60414B0C00414990
:10F264001A6010000B689843FBD180460620FAF719
:10F274003BFA4B465A6802231A4001924A460090D0
:10F28400802004320292384AE70D4A446602136031
:10F2940093463B0032000225400007E0009991426A
:10F2A40006D3023592197B41854201D0002BF5D05B
:10F2B400434680260393009B2F02AA4698467F1B51
:10F2C400760003E05346FF1A012E3FD03900404632
:10F2D4003500013EFAF728FE8442F3D22B0055464E
:10F2E4009A4650463302984668434B4642461D614F
:10F2F4001B6880265340FF227601120213404E44BD
:10F30400336080239B019C46029A019B62441360F4
:10F3140002215C464B465B6821604C462768072403
:10F324006740C8343C40346003240B4013600F4BE7
:10F334004B441C60116001000098FAF7F5FD05B01C
:10F34400F0BCBB46B246A946A046F0BD5546039B59
:10F3540028009846C9E7C0460040FCBF00E00040D2
:10F3640000F0004008C000400430000024200000E9
:10F37400F0B557464E464546DE46E0B5060085B034
:10F38400009200221C0002930EAB187833680F9D84
:10F39400DA6601325960109FDA660190221E00DCA1
:10F3A400BFE0013A9346002D03D001213800A8475D
:10F3B40033685A4631798902002A00D183E0002259
:10F3C400002091464C46009A125D0A4302431A619A
:10F3D40010229046002D1AD0002404E041463368E0
:10F3E4005A6B114229D100213800A8470443E4B2E2
:10F3F4000028F3D002235B4299464846019B3371AF
:10F4040005B0F0BCBB46B246A946A046F0BD802478
:10F414004846596B0A42FCD019598C46002957D1E9
:10F42400834571D002990130814275D00021834512
:10F434004CD00099095C1961EBE7802299580029A6
:10F4440015D1002C15D1CB4554D001239C46029BE9
:10F45400E1444B45D1D001213800A8470021CB45D8
:10F464001BD04A46009B9A5C33681A61B4E70124B6
:10F474005B6D80239B009A465B468B46039304E0B6
:10F48400514633685A6B0A420DD100213800A8470F
:10F494000443E4B20028F3D0ACE733680120019AB6
:10F4A400504040028EE7039A59461B6E9346002C47
:10F4B400CBD0002903D0CB0701D409079DD4012365
:10F4C4005B42994699E700229146E7E78146E5E7E2
:10F4D400596D012188468021814618008900436BBB
:10F4E4000B42FCD00300196E41464846002999D0CE
:10F4F4006146DEE7019B002BBBD001235B449946A8
:10F50400029B4B45A7D178E70199002906D05946BB
:10F51400481C0299814289D181466EE700218846C0
:10F52400D9E70023994668E7F0B54E465746454665
:10F53400DE46E0B583B09A460CAB1B78019200938B
:10F544000E9B026899460023D36601335160D3664B
:10F55400534605000D9E002B60DD01235B4253449E
:10F564009B460024002E03D001214846B0472A6858
:10F5740080235B009C461300516F1029FCD00021AE
:10F58400002C01D129798902A34541D06046014369
:10F594001161002E27D080224027904608E00021E8
:10F5A4004846B04700283BD12B689A6F002A13D1F4
:10F5B40042469A585A6B1742F1D0002148465B6D77
:10F5C400B047C4432000009B2B7103B0F0BCBB4682
:10F5D400B246A946A046F0BD1B69019A13550134F1
:10F5E4005445C1D1EEE780274021D359536B1942CA
:10F5F40003D00124536D6442E4E7936F002BF4D0ED
:10F604001369019A135501345445DBD02A68B2E7D3
:10F614000127009847407F023943B7E70024D1E728
:10F6240002246442CEE7C046F8B5DE4657464E464D
:10F6340045468346E0B505200C00FAF755F8060068
:10F64400600821008019FAF76FFC43009846804453
:10F65400070005214046FAF767FC3B1A9A461E4B01
:10F664008146700080199C4231D81C49FAF75CFC31
:10F67400451C5B461C680023E366226804335A4039
:10F684000233134080225201A21813605346E361EF
:10F694004B462362434601204F2B03D95021404659
:10F6A400FAF742FCA023E050E36F39005D400C4BB5
:10F6B4002D042D0CE3181D6001233000E366FAF7D6
:10F6C40033FCF0BCBB46B246A946A046F8BD05498A
:10F6D400FAF72AFC451CCCE73F420F0080969800BD
:10F6E4007C10000040787D010F4A70B5821A531EC9
:10F6F4009A410E4BD20008321A600D4B0D4C1A6021
:10F70400150023689D432B1EFAD166240268FF343A
:10F714000571D5661460633C8833FF3CD5639563FB
:10F72400D450FFF781FF70BD1828012000E000408D
:10F7340000F0004008C00040F0B5CE46474680B512
:10F7440089B01F0010AB1B780400994604AB98469F
:10F754001600129A139B40460D00F9F7A5FE434686
:10F7640002934B460190009332003B002900200095
:10F77400FFF7FEFD09B0C0BCB946B046F0BDC046B7
:10F78400F0B5CE46474680B589B01F0010AB1B7854
:10F794000400994604AB98461600129A139B4046FF
:10F7A4000D00F9F781FE434602934B460190009306
:10F7B40032003B0029002000FFF7B6FE09B0C0BCB0
:10F7C400B946B046F0BDC0467047C046030010B508
:10F7D4000A0003490868190000F004F810BDC04687
:10F7E400302C012070B50B0C0024150C002B28D1F3
:10F7F400002D3CD18BB291B2594300F05BF8051E49
:10F8040033D00300083B5A6803239A43043A242A5A
:10F8140012D80300132A0AD90460446008331B2A4F
:10F8240005D98460C460242A2AD00300103300223E
:10F834001A605A609A6002E00021FAF777FD280006
:10F8440070BD002D16D1151C89B292B24A43ADB2D7
:10F854009BB26B43110C5B18190C0BD1190492B2B7
:10F86400114300F027F8051ECBD10025E7E72B1C38
:10F874000D1CE9E700F088FB0C2300250360DEE79C
:10F884000300046118334461D1E7C04610B5034B4B
:10F894000100186800F00EF810BDC046302C01209D
:10F8A40010B5034B0100186800F00EFC10BDC046F3
:10F8B400302C0120F0B54E464546DE465746E0B5AD
:10F8C4000D000B35060085B0162D21D8102900D95E
:10F8D400D4E000F0D5FA102518230221CA4FFB18F2
:10F8E4001A005C68083A944200D186E103226368F6
:10F8F400A1689343E268CA6091600121E3185A68E1
:10F9040030000A435A6000F0C3FA20000830B8E01F
:10F9140007239D4300D5B1E0A94200D9AEE000F031
:10F92400AFFAFC235B009D4200D2E0E1690A00D1FA
:10F93400AEE0042900D9A1E138239846A9098844F6
:10F944003931CB00082252429446AF4FFB189C44F5
:10F954006346DC68A44514D0032399460B00614632
:10F964009C4607E0E068002A00DB40E1814200D1C8
:10F9740041E104004A46636893435A1B0F2AF1DDB0
:10F9840041463A003C690832944200D11EE103200A
:10F9940063688343581B0F2800DDACE13A617A6148
:10F9A4000028AADA7A68904680229200934200D313
:10F9B40036E1DA085809012383404046184380465B
:10F9C400D300DB199A687860E360A2609C60D4601D
:10F9D40001208B109840404562D8434603420AD127
:10F9E40003239943434640000431034203D14000BA
:10F9F40004310342FBD00323B3469C460E00B846B1
:10FA04000190F00040440100B246CB680BE064462C
:10FA14005A681F00A243DB68541B0F2C00DD39E138
:10FA2400002C00DB53E19942F1D101239946CA44E9
:10FA3400534608319B07E8D1032205E003680838E0
:10FA4400013E834200D013E23242F7D14346019A89
:10FA54005B68934342465360019A520001929A4272
:10FA64001CD8002A06D119E004229146019ACA44FE
:10FA7400520001921342F7D05646C2E70C2333607A
:10FA8400002005B0F0BCBB46B246A946A046F0BD76
:10FA940080233F22402190469B0053E75E46474621
:10FAA4000322BC68636893439846AB4203D35B1B51
:10FAB4000F2B00DD8DE0230043440293534B0820B9
:10FAC4001B6810335B19019300F068FA50490390E6
:10FAD4000B688A46013306D08446019B4242013BAF
:10FAE4006344134001933000019900F03BFA030092
:10FAF4008146013300D11CE1029B834200D916E107
:10FB0400444B02989B461A68019B59469C466244A2
:10FB14000A6003990139484500D157E153461B68EF
:10FB2400013300D15EE14B4602981B1A9B185A46DA
:10FB3400136007234A4648461A400292184200D1ED
:10FB440015E10398013384469B1A019A99444A4467
:10FB5400019263440A409B1A194030008A4600F01F
:10FB640001FA431C00D158E14B46C01A0300534428
:10FB740001935B461A68012052441A604B46494679
:10FB8400BB60019B03434B60BC4213D043460F2B25
:10FB940000D82BE107210C3B8B4361680140052011
:10FBA40019436160E118486088600F2B00D93FE178
:10FBB4004B465B6818490868904200D20A601749AE
:10FBC4000868904200D20A604C46B4E07B689846CC
:10FBD400FEE60122290013431143651961603000D8
:10FBE400BD606B6000F054F92000083049E7A2685A
:10FBF400D060826081E66146C3E6DC680231A342DC
:10FC040000D1BEE672E6C04628280120343D01201A
:10FC140020280120043D01202C3D0120303D0120FD
:10FC24005A0A042A7CD9142A00D9B0E010005B30A7
:10FC340082465C32D200082040428446BA1894447A
:10FC4400624692680B308146944500D186E00800F4
:10FC5400A2466146844602E09268914204D04C4632
:10FC64005068A0439842F7D8D368614654469C46EE
:10FC74006346A260E3609C60D460A9E6142967D956
:10FC8400542900D98CE06E239846290B88446F319F
:10FC9400CB0057E6BA46012051468446491905432C
:10FCA40050464560856847466046EB605E469D6009
:10FCB400534639617961204308374860CF6030008A
:10FCC4008F609C5000F0E4F850460830D9E6BA46FC
:10FCD40001205E465244516801435160BA683000C5
:10FCE400D3609A6000F0D4F838000830C9E62B00DD
:10FCF400E9080833F2E56119884601218C460D4371
:10FD04004146656039617961CA608A60624602432E
:10FD14004A60E050300000F0BBF820000830B0E644
:10FD24009A091000393238308246D20083E7BC4247
:10FD340041D0BC686368032293431A005B1BAA4248
:10FD440002D30F2B00DD44E7300000F0A1F897E662
:10FD54005B23984688445C31CB00F3E55346981006
:10FD640001238340404618438046786080E7019B26
:10FD7400039A4B440B40D31A194030008A4600F0D2
:10FD8400F1F8431C00D0EFE600239A46F1E6542A2A
:10FD94002ED81A0B10006F326E308246D2004AE71A
:10FDA400AA235B0099422ED8DD3B9846E90B884490
:10FDB4007831CB00C6E5304B9B461A68019B9C46C4
:10FDC4005B4662441A60039B591EA7E648460842F4
:10FDD40000D0A3E6B9684344894601210B43494650
:10FDE4004B60E7E653464A461A60A2E64860ABE732
:10FDF400AA204000824226D8DA0B100078327730ED
:10FE04008246D20017E71D4B994226D87C23984698
:10FE1400A90C88447D31CB0094E5019A029B944659
:10FE24004A46083B63449B1A019300239A46A0E682
:10FE340021003000083100F047F95B461A68BB68BE
:10FE440099465B68B6E60D4882420CD89A0C1000BD
:10FE54007D327C308246D200EDE6FE237E227F2175
:10FE640090469B006EE5FE227E2092008246E2E6EA
:10FE740043465B68F0E5C046043D0120540500009C
:10FE840010B5024800F086F810BDC046003D0120C0
:10FE940010B5024800F080F810BDC046003D0120B6
:10FEA400F0B5CE46474680B588420DD98B189842A6
:10FEB4000AD2531E002A03D0CA5CC254013BFBD2AF
:10FEC400C0BCB946B046F0BD0F2A0BD80500561E7B
:10FED400002AF5D00023CC5C1A00EC54013396427E
:10FEE400F9D1EDE703000B4388469B0734D1102674
:10FEF4001700B1460C000300103F3F093F01C5192C
:10FF0400A94426681E6066685E60A6689E60E6680E
:10FF14001034DE601E001033AE42F2D1CF19390026
:10FF24000F230C2610318C461340164217D044463A
:10FF3400043B9B089B00FF181437061B0C688D19A3
:10FF440004312C60B942F9D16146043359184B4449
:10FF54001D0003231A40BAE70500561EBAE74D46B2
:10FF64001A00B4E7002370B5064C050008002360AE
:10FF7400FAF70AFA431C00D070BD2368002BFBD0AB
:10FF84002B60F9E760490120014B18687047C046AF
:10FF9400302C01207047C0467047C046802310B5FE
:10FFA4005B01082801D1180010BDFFF7EDFF1623EF
:10FFB4000360173BF7E7C04610B583070AD0030078
:10FFC400032102E001330B4205D01A78002AF9D14B
:10FFD400181A10BD030019680C4A0D4C8A188A437C
:10FFE40022420FD15968094A04338A188A432242AB
:0CFFF40008D15968054A04338A188A4372
:020000041001E9
:100000002242F1D000E001331A78002AFBD1E1E767
:10001000FFFEFEFE80808080F0B5C646060000B57B
:1000200008200D00FFF7BCFF04003000FFF72AFF97
:10003000234B210098469B685F6803239F43380049
:100040001138401B0019F9F771FF451E6543AC429A
:1000500008DC00213000FFF787FF43469B68DB196F
:10006000984206D03000FFF715FF002080BCB8464C
:10007000F0BD30006942FFF777FF01300ED001225A
:1000800043467F1B9B6817430E4A5F60136830002E
:100090005B1B1360FFF7FEFE0120E7E70021300045
:1000A000FFF762FF43469A68831A0F2BDADD064C8E
:1000B00004492468001B086001210B435360D1E709
:1000C00028280120043D012020280120F0B5D64633
:1000D0004F46464605000C00C0B5002948D0FFF742
:1000E000D1FE2100012708394B6803209C46BB4301
:1000F000CE18726882436046384080466A4891460E
:100100008468B44200D17CE07260B41864683C40FA
:10011000A2464446002C30D10C68A446091B8C68CA
:100120006344A4460824A0468044C4455CD0CC68FF
:10013000A04664464246E26094605246002A1FD0C0
:100140001F434F60336080229200934230D2DA081E
:100150005C090123A340446823434360D3001B1878
:100160009A68CB608A609960D1602800FFF792FEA0
:10017000E0BCBA46B146A846F0BD5246002A0FD1AF
:1001800001224B44CF18BC46B468484F1A43BC42C6
:100190005BD0F668E660B4604A6062461360D2E7FE
:1001A00062463A434A608022336092009342CED343
:1001B0005C0A042C3FD89C09260039343836E40008
:1001C00004192268083C0327944203D14EE0926848
:1001D000944203D05068B8439842F8D8D468CC60B1
:1001E0008A60A160D160C0E75246002A35D14B44F5
:1001F0001A00B068F3681743C36098604F608A5074
:10020000B3E74B441A004346002B06D10B68C91ACA
:100210008C68D218CB68E3609C60012313434B6069
:10022000234B81601B6893429FD8224B280019689A
:10023000FFF7F2FE99E7142C13D9542C1DD81C0B90
:1002400026006F346E36E400BAE7E160A1604A60D0
:100250006246CC608C60136087E71F434F60336059
:1002600083E726005C345B36E400A9E70123B6107F
:10027000B340466833434360B1E7AA225200944238
:1002800005D8DC0B260078347736E40098E70A4A74
:10029000944205D89C0C26007D347C36E4008FE720
:1002A000FE247E26A4008BE7282801203028012088
:1002B00024280120343D012054050000F8B5C04633
:1002C000E021F8B5DE4657464E464546694AC90123
:1002D0001368E0B50B40684904000B60F023106818
:1002E0001B034340F820400303400B60634B012095
:1002F0001968634BB4254B4062496D000B4062495D
:100300006A270B60F823DB011361FEF74FFF60558E
:100310000120FEF74BFFFF37E055A020B526C005B2
:100320008446635D5949DA028A460A405849760094
:100330001143A25D5748143212019B016344A21875
:1003400018605A6008229A60D96001239146625D64
:1003500001219340504A0B201360F8F79BF90B20C2
:100360004E49F8F7B5F94946A4234D4A0420D15027
:100370004C4B19604C4B19009846F8F7A9F9FF212E
:100380000420F8F7B3FB01210420F8F783F9524663
:10039000E35DD9021140454A9B010A43A021C905EA
:1003A0008C460021634419604149596002219960DB
:1003B0001A614A463F4B1A6000223E2392460132A0
:1003C0009146FF33E25C032A14D0E25C022AF9D1A1
:1003D00000210420F8F75EF9A4230821304A042004
:1003E000D1504146F8F798FAF0BCBB46B246A94650
:1003F000A046F8BD52464946E254625D2E489140FF
:100400000A00A021C9050A50A020C0058446A25DAB
:10041000615D1432120189016144A218CA626A2125
:10042000F820A25DFF31615C58329200890161447D
:10043000A218CA630F4A4003116801408C46674600
:100440000D490F601768BC46E027FF01BB466746B1
:10045000584607400F6012689446F0226046120327
:100460004240F820400302400A600821114A11600E
:10047000A8E7C04600C0044000D0044008C00440C3
:10048000090000010F00000F08D00440FF7FE0FFCB
:10049000250012000CC00440042400501502002066
:1004A00000000540A82005401101002015000800AB
:1004B00008C0034000E004400C040000F0B54E46C4
:1004C000DE4657464546E022F04BE0B51B68D201B8
:1004D0001340EF4A87B013600322EE4B04001E68FE
:1004E0000393731C1A400292DA0700D4C6E2D022AA
:1004F00080211206490451619B0700D4B8E2D02341
:1005000080221B0692045A61B5214900635C0122D6
:100510001800012300901B1AB420170063544000F8
:10052000235C9F40B846A0234546DB4FDB05DD51E9
:10053000A025ED05AC46635C205C14331B018001F3
:100540006044E318C362635C6A21FF31615C583325
:100550009B0089016144E318CB63F30FF1180A4053
:10056000D21A009BCD4D1901611808008023AC46BA
:100570004F30FF30904602889B00D3189BB29B0AF5
:10058000DB00D3189205920D624415006A426A415D
:1005900092009B18C24A9BB253439146DA0C0280E8
:1005A000A02080234000170004920A5A9B00D31811
:1005B0009BB29B0ADB00D3189205920D6244150092
:1005C0006A426A4192009B184A469BB25343DA0C36
:1005D0000A5208008023B14D4930AA46FF309446A4
:1005E00002889B00D3189BB29B0ADB00D3189205AC
:1005F000920D524415006A426A4192009B184A4685
:100600009BB25343DA0C80230280063801920288A1
:100610009B00D3189BB29B0ADB00D3189205920D66
:10062000524415006A426A414D4692009B189BB2A3
:100630006B43DB0C0380A520400082468A44504671
:100640008022964D0088AB469200821892B2920AA0
:10065000D20082188005800D584405006842684128
:100660004D468000101880B268435546C00C288063
:100670004546AD00A8468B4A1B18914615004246D8
:1006800052594D311501AA1A3D01AA4647464D4619
:10069000524412117A517A59802512112D01AA1A49
:1006A000A044862547466D007A51019A7E4D6244EA
:1006B000AC468B256244521052426D0012B2625316
:1006C0008A2263445B105B4252001BB2A35205971F
:1006D000635B91461AB29046AA46744DA2692B00FC
:1006E000AB46454642445343226A9C4693049B1AB8
:1006F000DB019B189B009B181B019B185B009B1840
:100700001A006369656155466244A3619213E36907
:10071000E26112B2236262534A46A35A01271AB217
:1007200094465B466546A268FF31624453432269A2
:10073000984693049B1ADB019B189B009B181B0196
:100740009B185B009B181A00636865604D46424425
:10075000A3609213E368E26012B2236162538422C1
:100760005200A35C9046DBB20232A3540A220C254D
:10077000FF32A35CFF35DBB26355D0252D066B68D5
:10078000AC4645465B07DB0F7B40DBB263556546F5
:100790006B681B07DB0F7B40DBB2A354444BB200FA
:1007A0009446D2583E3690460A8841464546C9018D
:1007B000491B120152186146D211CA50CB58B600DB
:1007C0001B1133518223FA225B00E1589200E65854
:1007D0000123914200DC0023364901228E4200DCD5
:1007E00000229B183C22344EFF32DBB2A354326805
:1007F000002A02D09E225200A3549D235B00E35C9A
:10080000002B00D07DE02D4B9846236820001B680C
:100810009847F2238020E35A00995B4258311A1C12
:100820001BB289000001834201DB254B1A1C254BBA
:1008300010B2984200DA1A1C80231B019C46C02388
:1008400062449B0113430B53009B9D00F423E35A26
:1008500065195B4263351A1C1BB2FF35634501DB2A
:10086000174B1A1C174B11B2994200DA1A1C80233D
:100870001B019C46144B624413432B803E25029B74
:10088000039AFF351360635DDAB21FE000C00440D5
:1008900000D00440F43C01200C04000001FEFFFFE6
:1008A0009DF00700DC3C012000F0FFFFAE3F0000A0
:1008B000E43C0120B80B0000F0260120D43C0120CC
:1008C000FF07000000F8FFFF00B0FFFF012B00D181
:1008D000EFE043461A680F2301321340424613608B
:1008E0003C23FF33E25C0133E2543368002B01D038
:1008F000013B336007B0F0BCBB46B246A946A046F8
:10090000F0BD834B98461B68002B00D1BCE01A0059
:100910000E3A012A74D8E127FF00BC46049F9221B9
:10092000B946E145BF417F42B946059D49006A5835
:1009300052004A446A500F2B62D10E33FF3399465E
:10094000604580414A46E35840425B001B18A35073
:10095000019B90209A46E2459B41400022585B4211
:100960005200D2189623225084225B009A465200ED
:10097000E358A25C5B009B185246A35098230A22BE
:100980005B009C46FF32E358A25C5B009B1862460A
:10099000A350604B1A684B46E358D31A5D1EAB4117
:1009A0009A25DBB26D0063552358D31A581E834134
:1009B0003620DBB2FF3023546358D31A591E8B41C3
:1009C0009B21DBB24900635494235B00E358D31AA4
:1009D000591E8B413821DBB2FF3163545346E35833
:1009E000D31A591E8B419C21DBB2490063546346E4
:1009F000E3589B1A5A1E93413A22DBB2FF32A354AA
:100A00009A235B00E35CDAB2002B02D11533FF338B
:100A1000E2523623FF33E35CDAB2002B02D1173304
:100A2000FF33E2529B235B00E35CDAB2002B02D17E
:100A30000D33FF33E2503823FF33E35CDAB2002B8F
:100A400002D11133FF33E2509C235B00E35CDAB246
:100A5000002B02D10933FF33E2543A23FF33E35C26
:100A6000DAB2002B00D0D0E60A23FF33E254CCE602
:100A7000D02380221B0692049A6145E5D022802172
:100A800012064904916137E5234A244B11684B4310
:100A900023498C4663441360D90F002B33DBD023EA
:100AA00010221B069A611B4A13685B005B181360D7
:100AB000A6E708211B4B1C481960F821036849036D
:100AC0000B401A490B600368E020C00103400B6033
:100AD000B4235B00E15CA0208A401549C005425068
:100AE000E05CFEF775FB6A23FF33E05CFEF770FB0A
:100AF00000210B20F7F7CEFD0B200E49F7F70CFF76
:100B000002236355E5E6D02310221B065A61CAE78B
:100B1000D43C0120D83C0120F42601200D661900A8
:100B20005FF36E3C00F0044000C0044000D004407D
:100B30000C04000015020020D02330B500251B0650
:100B400000245D5705E0BFF35F8F1C6081F31088C0
:100B500020BF0268EFF3108172B61368002BFCD03F
:100B6000BFF35F8F027903687F2AECD90571BFF369
:100B70005F8F00221A6081F3108830BDF0B5C64641
:100B8000150000B504001E000268EFF3108172B674
:100B90001368002BFCD0BFF35F8F0423E356226859
:100BA000002B2BDBBFF35F8F0020106081F31088D8
:100BB000D02212061278002752B290469A420ED1E5
:100BC000002080BCB846F0BDBFF35F8F176081F393
:100BD000108828003100F8F7CFFB0028F0D12268F8
:100BE000EFF3108172B61368002BFCD0BFF35F8F58
:100BF000237922687F2BE7D9434602E0D0231B06E6
:100C00001B682371BFF35F8F0023136081F310888B
:100C10000120D6E7F0B5C64600B50D000400F8F790
:100C20005BFCFA2206000F0000232800002192003E
:100C3000F9F708FA36184F41002F02DA0126174F4C
:100C40007642D0231B061B68002598460AE0BFF3B6
:100C50005F8F156081F3108830003900F8F78CFB46
:100C6000002818D12268EFF3108172B61368002BA8
:100C7000FCD0BFF35F8F237922687F2BE7D94346EF
:100C80002371BFF35F8F0023136081F3108801206D
:100C900080BCB846F0BD0020FAE7C046FFFFFF7FEA
:100CA0000268EFF3108172B61368002BFCD0BFF31B
:100CB0005F8FFF2303710368BFF35F8F00221A6009
:100CC00081F3108840BF704710B5084C2378002B83
:100CD0000AD18023064807495B051A68C2500433CD
:100CE0008B42FAD10123237010BDC046D14D0120A3
:100CF000E84501100001001010B5014B984710BDE8
:100D0000E9450120064B5A6802609A684260DA6839
:100D100082601A69C2605A6902619B6943617047C7
:100D2000000002400268064B5A6042689A6082687E
:100D3000DA60C2681A6102695A6142699A61704751
:100D400000000240034B1A68C0239B009343024AF1
:100D5000136070470C8001400C900140054B1A68ED
:100D600080239B005340C02292001340024A13602C
:100D70007047C0460C8001400C900140F0B5D6464B
:100D80004F4646468023C0B5421804000D0086B089
:100D90009B039A422ED800270026B88A338B174926
:100DA0009847338B82461649B88A9847338B8146D9
:100DB0001449B88A9847338B13498046B88A9847B4
:100DC0000600FFF781FF6846FFF79CFFD047C84742
:100DD0008022D823290020005202C047B047FFF7E5
:100DE0008BFF6846FFF79EFF06B0E0BCBA46B146EF
:100DF000A846F0BDF8F732FFCDE7C04649460000EF
:100E0000455800005245000046430000F0B54E46EC
:100E10004546DE4657468023E0B51500821804009B
:100E2000894687B09B039A422DD800270026B88AAE
:100E3000338B16499847338B83461549B88A9847B0
:100E4000338B82461349B88A9847338B12498046C0
:100E5000B88A98470600FFF737FF6846FFF752FF4A
:100E6000D847D0472A0049462000C047B047FFF77F
:100E700043FF6846FFF756FF07B0F0BCBB46B246DB
:100E8000A946A046F0BDF8F7E9FECEE749460000C6
:100E90004558000052500000464300000023F0B5C2
:100EA000DE4657464E4645469A46E0B589B0019023
:100EB0000E00988A45491B8B14009847534681467B
:100EC0004349988A1B8B9847534642490500988AA4
:100ED0001B8B98478046FFF7F7FE02A8FFF712FF2B
:100EE000C847A847FFF73AFF251E22D00823C02194
:100EF0009C460220490562468B6A1A4018423FD040
:100F0000631B002D2FD1002A11D1002C11D0C0233A
:100F10005B059B4602239A46063399465B464A4642
:100F200057469B6A1A401F4242D0002AF6D0002C36
:100F300030D1FFF707FFC047FFF7DEFE02A8FFF73B
:100F4000F1FE09B0F0BCBB46B246A946A046F0BDD2
:100F5000002C2FD1C0225205926A914608224F469A
:100F60003A40BF072DD50D2B1BD9002AF0D1C02246
:100F70005205926A914608224F463A40BF07F2D482
:100F8000002A04D12B002343002BB4D1D1E72B003E
:100F9000002CF9D00B6E013C3370230001362B433B
:100FA000F2E7019F013D3B7801370B660197E7E7C8
:100FB0000025E5E7C0235B051B6E013C337001365D
:100FC00099E72B00002ADFD1DCE7C0464946000044
:100FD00045580000464300000022154B10B59A60AA
:100FE000DA601A615A619A61DA611A625A629A6227
:100FF000DA621A635A639A63DA631A645A649A6407
:10100000DA641A655A659A65DA651A665A669A66E6
:10101000DA661A675A679A67DA67F0329200002137
:101020000448F9F783F9044B044A1A6010BDC0461E
:1010300000001050C4490120884D0120800110504B
:10104000F0B557464E464546DE46E0B5224B0025F4
:101050009F6D012687B0002F23D0204B9B46012394
:101060009A461F4B994601E0202D1AD032002C00E1
:101070000135B0463A40EDB27600002AF4D05B4626
:1010800042469A655346640864002B40E4186401A4
:101090004C44200000F02CFC002809D143469F431B
:1010A000E2D107B0F0BCBB46B246A946A046F0BDAF
:1010B000E38A2000019300F0B9FBA37803A8037131
:1010C000019BE02283600023D20001210280437152
:1010D00000F02EFCE2E7C046000011500030115035
:1010E000844901209823F0B54746D646C64A80B5C4
:1010F000D55880232F009B02102485B01F401D422D
:1011000074D0C24BC24C9A6AC24B00261A603B2371
:10111000E35C022B00D104E17B23E35C022B00D1D2
:1011200010E1BB23E35C022B00D117E1FB23E35C5E
:10113000022B00D1BCE13C23FF33E35C022B00D146
:101140003DE17C23FF33E35C022B00D1BCE1BC23F7
:10115000FF33E35C022B00D118E1FC23FF33E35C97
:10116000022B00D1BDE1AC4BE35C022B00D13FE18F
:10117000AA4BE35C022B00D1BFE1A94BE35C022B3D
:1011800000D129E1A74BE35C022B00D10BE1A64B78
:10119000E35C022B00D1EDE0A44BE35C022B00D119
:1011A0005CE1A34BE35C022B00D1B1E1A14BE35C1A
:1011B000022B00D16AE1002E08D19F4B1B78002B37
:1011C00004D180219D4A90338902D150C0226946C2
:1011D0008D4B92009B6C80275B058A805B0D012103
:1011E00001A8029300F0A4FB954CBF02EB0600D5CA
:1011F00093E080235B021D421ED01F4340239A468A
:101200003F3B9846824CA2444346E370A37E002BAA
:1012100055D12034A245F7D1C0236A46DB00938024
:10122000884A02AB03CA03C3012101A800F080FB76
:101230008022824B92021A6580235B011D422AD1D3
:101240008023DB011D4219D180231B021D4207D1DF
:10125000AF4200D0E3E105B0C0BCBA46B046F0BD35
:101260001F43A0236A46DB009380012101A800F000
:101270005FFB8022714B12011A65E9E71F4380234F
:101280006A46DB009380012101A800F051FB102287
:101290006A4B1A65D8E700241F435B4B1C60FFF7BD
:1012A0009BFE80236A465B0093801472012101A893
:1012B00000F03EFB8022614B12031A65C0E70F224B
:1012C00001214646A3781A40DB094B405200DBB2AD
:1012D00013439E40F7F71CF9012806D95A4B4A4A96
:1012E0001E66536E33409E42FBD1E2780021531EAE
:1012F0009A4180235B019C4652032000624400F027
:101300009BFA200000F092FAF7F702F9012800D8C2
:101310007FE74A4B5E661E667BE7FFF791FE27007C
:1013200067E73833E65C002E00D1F5E60233E25C75
:10133000002A00D1F0E6200000222030E25400F024
:10134000A3FAE9E67833E75C002F00D1E9E602333F
:10135000E25C002A00D01AE13E00E2E6B833E75C26
:10136000002F00D1E2E60233E25C002A00D006E161
:101370003E00DBE6354BE75C002F00D10CE7023383
:10138000E25C002A00D0F2E03E0005E7B933FF330B
:10139000E75C002F00D1E0E60233E25C002A00D0D7
:1013A000DCE03E00D9E62A4BE75C002F00D1EEE6F8
:1013B0000233E25C002A00D0C8E03E00E7E63933A1
:1013C000FF33E75C002F00D1BBE60233E25C002A6A
:1013D00000D0B2E03E00B4E61E4BE75C002F00D127
:1013E000D0E60233E25C002A00D0E0E03E00C9E62D
:1013F000194BE75C002F00D1BAE60233E25C002A09
:1014000000D0CCE03E00B3E60000115000400540A3
:10141000844901205C4701203B0200007B02000060
:10142000BB020000FB0200003B0300007B03000046
:10143000BB030000FB030000CF4D01200030115022
:101440001000020000001050002011503A0300006C
:10145000FA020000BA0200003A020000724BE75C98
:10146000002F00D19DE60233E25C002A00D0C8E0E4
:101470006E4BE35C022B55D16D4BE35C002B4CD1E2
:101480006C4BE35C022B00D0A0E63E006A4BE35CB1
:10149000002B00D18FE6FF239B00E25C002A00D1E5
:1014A00094E60022E2541C3BE01800F0EDF98DE6D2
:1014B000F833E75C002F00D13DE60233E25C002AFE
:1014C00000D096E03E0036E67933FF33E75C002F2C
:1014D00000D13CE60233E25C002A00D080E03E000E
:1014E00035E6F933FF33E75C002F00D13BE60233EA
:1014F000E25C002A6BD13E0035E6504BE75C002FE2
:1015000000D13AE60233E25C002A58D13E0034E6CC
:10151000474BE35C002B00D148E6EF239B00E25CE5
:10152000002A75D1434BE35C022B00D04EE6424BC0
:10153000E35C002B00D149E6ADE72000002221301A
:10154000FF30E2543E0000F09FF9FAE50022E25439
:101550001C3BE01800F098F93E0018E6200000223D
:10156000A130FF30E2543E0000F08EF9F5E5002294
:10157000E2541C3BE01800F087F93E000CE6200026
:101580000022A030E2543E0000F07EF9CEE52000BB
:1015900000226030E2543E0000F076F9C1E50022FE
:1015A000E2541C3BE01800F06FF93E00E0E5002239
:1015B000E2541C3BE01800F067F93E00E2E500222F
:1015C000E2541C3BE01800F05FF93E00D5E5200036
:1015D0000022E130FF30E2543E0000F055F9C2E550
:1015E000200000226130FF30E2543E0000F04CF950
:1015F000ADE520000022E030E2543E0000F044F966
:1016000099E50022E2541C3BE01800F03DF92FE779
:101610000022E2541C3BE01800F036F982E7390062
:1016200007486940F6F77AFF7A030000BB03000021
:10163000BA030000FB030000FA0300007A02000076
:101640008C200120F0B5C64600B50200838A008BCD
:101650008C46011C984200D9191CD47880252000A2
:10166000461EB04189B2ED000D43400328430125D9
:101670006C405B1AD47054789BB29382002C31D1A9
:101680006446D568A4014E1E2D19B0461469002980
:1016900023D0062E32D92B0023439B072ED1631C67
:1016A000EB1A022B2AD900238F08BF00E658EE5010
:1016B00004339F42FAD14346ED19DB1BE419B942CA
:1016C00009D026782E70002B05D066786E70012B1D
:1016D00001D0A378AB701469938A641814618022D6
:1016E00012021043002B02D18023DB011843634612
:1016F000002B00D0000480BCB846F0BD0023E65C9F
:10170000EE5401339942FAD1E5E7C0468368F0B55B
:101710001A680400002900D0120C63789205900D1D
:10172000002B08D1E38AC318E382238B834201D9BB
:101730000023A382F0BDE368890125695E18471E76
:10174000002822D0062F26D901315B18EB1A022B74
:1017500021D92B0033439B071DD10023120E920089
:10176000F158E95004339A42FAD1BF1AAD18B618AD
:10177000904209D032782A70002F05D072786A70B2
:10178000012F01D0B278AA702569E38A2D18C318F9
:10179000E3822561C9E70022B35CAB540132904279
:1017A000FAD12569F1E7C04610B50400836800212D
:1017B0001B68FFF7ABFF63681B685B0002D5238BD8
:1017C000834200D010BD01212000FFF79FFFF9E701
:1017D000084A0300126C0020920703D49A78D209B9
:1017E000012A00D07047D87E023843425841C0B227
:1017F000F8E7C0460000115010B5FFF7E9FF0028D8
:101800000CD00749074B8C46074A9B6A1268634411
:101810009B1A0020C6229A424041C0B210BDC04669
:10182000E0FCFFFF004005405C4701200023837679
:10183000436103617047C04610B58368002901D039
:101840001C682140002A12D08024E4001143224267
:101850000DD01A6822420CD1084A0A401A60084A80
:10186000126C920703D40C23033BFDD283681960EA
:1018700010BD81780348F6F751FEC046FFFBFFFF1D
:1018800000001150A0200120436870B50021802580
:1018900004001E68FFF7D6FE124B6D011A6C05435B
:1018A000A37892070ED51B070ED00F4B1E40802346
:1018B0009B05334362680021136020002A00FFF774
:1018C000BBFF70BDDB09F0D0A38A002BEDD0012156
:1018D0002000FFF7B7FEA023044ADB053240054392
:1018E0001343E7E700001150FFFFFFAFFFFFFFDFEB
:1018F00070B5857E0400002D14D0FFF755FFA38A34
:10190000002B01D1280070BD2000FFF775FF0028D3
:1019100003D0012300252377F4E72000FFF7B4FF6D
:101920000025EFE781780148F6F7F8FDC020012097
:10193000F0B5C64600B5437804000E0084B0072B0E
:1019400012D8854A9B00D3589F460121834B1A78B1
:101950008A431A701A7801318A431A7000225A7029
:101960001A7802318A431A707D4B1D686A69EFF359
:10197000108172B61368002BFCD0BFF35F8FA96192
:1019800028002100FAF7F6FD6A69AB69BFF35F8FA3
:101990000021116083F31088002803D104B080BCBB
:1019A000B846F0BD320061782078F9F78FF8F5E796
:1019B0000F231A0001790A400B42D5D0674B520021
:1019C0009B18C809674A1D182B7D12789A42CBD9FB
:1019D000654AD8001268C3189B00D318002BC3D0E7
:1019E000DF69002FC0D0012230352B792078934356
:1019F0002B712B79033293432B716279A368B8471B
:101A00000028CBD101222B79134304222B712B798F
:101A100013432B71A8E7534F002539780022FF2983
:101A200018D0514B984691420ED94246EB001268AD
:101A30005B199B00D318002B06D01B6A002B03D028
:101A4000616820789847397801354B1CDBB2EAB2DF
:101A50009342E8D8414D2B785B072BD504222B7895
:101A6000002193432B706B460632981DF8F75EFCFD
:101A7000237801AF3B7005237B70394B1B68984678
:101A80005A69EFF3108172B61368002BFCD0BFF3D4
:101A90005F8F4346404699613900FAF76BFD434634
:101AA0005A699B69BFF35F8F0021116083F310882F
:101AB00000284BD1EB78DB0700D46FE76B460A2296
:101AC0000021981DF8F732FC237801AF3B70032307
:101AD0007B7063687B60224B1C686269EFF3108146
:101AE00072B61368002BFCD0BFF35F8FA16120009A
:101AF0003900FAF73FFD6269A369BFF35F8F0021E8
:101B0000116083F31088002800D147E7320079780C
:101B10003878F8F7DBFF41E7104B1A78D20700D48A
:101B20003CE704211A780A431A701DE70B4B1A7818
:101B3000D20700D432E704211A788A431A7013E7D7
:101B40000A4A13780133DBB213700DE7320079785B
:101B50003878F8F7BBFFADE7402601208842012026
:101B6000E0420120CD4D0120703E0120D04D0120EA
:101B7000F0B5C64600B584B0437F01AC98460D0071
:101B80008778C68AFFF752FE082200212000F8F766
:101B9000CDFB02236370434601212000A37027710F
:101BA0006571039600F030F904B080BCB846F0BD12
:101BB000054B10B5DB6C9B0705D5082303480021B6
:101BC000C382FFF7D5FF10BD000011506047012010
:101BD000074B10B5986508000C00FFF789FE002838
:101BE00000D110BD00212000FFF7C2FFF9E7C04679
:101BF00000301150F8B51C4B9D6D01232B4226D1AE
:101C000002240127194E08E03800631C984028423E
:101C100012D102342036202C16D0002D16D03800D8
:101C2000A0400542F0D031008543FFF7D1FF3800D6
:101C3000631C98402842ECD03100023485432036A2
:101C4000FFF7C6FF202CE8D1002D08D1F8BD0849C8
:101C50009D434B6801201B68FFF7BAFFD0E72900BE
:101C60000448F6F75BFCC046000011508047012095
:101C700060470120E82001209823F0B54546DE4664
:101C800057464E46534AE0B5D458973B1D008DB099
:101C90002540234254D0136D9B059B0F00D083E059
:101CA000802209A8520001210280838000F0ACF854
:101CB000C022494B92001A65512290460832934641
:101CC000403A9246083A9146444A41230792444A90
:101CD00049270692434A09260592434A0492434AF9
:101CE0000392434A0292434A0192434A0092620598
:101CF00044D58022384B92051A6502213F48FFF7F0
:101D000037FF049A079B9046039A069F9346029AD0
:101D1000059E9246019A009D9146E20630D5FFF756
:101D200069FF5F46434656464D4622072AD5802224
:101D3000294BD2021A65FFF73BFF35003B0021E03B
:101D40005022904608329346403A9246083A9146CD
:101D50008822D200079208320692403A0592483211
:101D6000049208320392403A0292083A0192103AE1
:101D700040234827082600926205BAD4E206CED452
:101D80002207D4D4620604D580211D00124A090519
:101D90001165A30616D4A5420FD10DB0F0BCBB4609
:101DA000B246A946A046F0BD00236A4601219384AD
:101DB000138509A800F028F87AE729001048614047
:101DC000F6F7ACFB8022044B12060E481A65F6F7B4
:101DD000A5FBC04600001150003011504104000026
:101DE00049040000090400005104000059040000E7
:101DF00019040000110400000104000060470120E4
:101E00008C20012000210120F8B5437804000E0049
:101E1000012B20D9184B1D686A69EFF3108172B647
:101E20001368002BFCD0BFF35F8FA961280021004D
:101E3000FAF7A0FB6A69AB69BFF35F8F00211160FD
:101E400083F31088002800D1F8BD32006178207833
:101E5000FBF74CFCF8E70279002ADBD1074825782C
:101E6000827801211700EF403942EDD1002BD1D10A
:101E7000A9400A438270CDE71C450120E0270120DC
:101E80002258002018570020283800202838002029
:101E900028380020283800202A5800202838002020
:101EA0002838002028380020185700202838002023
:101EB0002838002028380020283800202838002022
:101EC00028380020283800202838002032580020E8
:101ED000D2570020D8570020E0570020E6570020B6
:101EE0005A57002060570020685700206E57002086
:101EF000745700207A57002082570020885700200E
:101F000000580020065800200E58002028380020D5
:101F100028380020283800202838002028380020C1
:101F200028380020283800202838002028380020B1
:101F300028380020283800202838002028380020A1
:101F40002838002028380020283800202838002091
:101F50002838002028380020283800202838002081
:101F60002838002028380020283800202838002071
:101F70002838002028380020283800202838002061
:101F80002838002028380020283800202838002051
:101F90002838002028380020283800202838002041
:101FA0002838002028380020283800201658002023
:101FB000B656002028380020283800202838002075
:101FC0002838002028380020283800202838002011
:101FD0002838002028380020283800202838002001
:101FE0002838002028380020B25700201C58002034
:101FF000B6560020D259002048790020AC74002049
:10200000D2590020D2590020D2590020D2590020A4
:1020100082790020D2590020D2590020D2590020C4
:10202000AC740020D2590020D2590020D25900208F
:10203000D2590020D2590020D2590020D259002074
:10204000D25900207A790020B2790020AA790020A4
:10205000A47900208A790020307A0020287A002094
:10206000227A00201C7A0020167A00200E7A0020A6
:10207000087A0020007A0020FA790020F279002006
:10208000EA790020D2590020D2590020D2590020EC
:10209000D2590020D2590020D2590020D259002014
:1020A000D2590020D2590020D2590020D259002004
:1020B000D2590020D2590020D2590020D2590020F4
:1020C000D2590020D2590020D2590020D2590020E4
:1020D000D2590020D2590020D2590020D2590020D4
:1020E000D2590020D2590020D2590020D2590020C4
:1020F000D2590020D2590020D2590020D2590020B4
:10210000D2590020D2590020D2590020D2590020A3
:10211000D2590020D2590020D2590020D259002093
:10212000D2590020E479002060740020D2590020A8
:10213000D2590020D2590020D2590020D259002073
:10214000D2590020D2590020D2590020D259002063
:10215000D2590020D2590020D2590020D259002053
:10216000407900201A78002060740020537973743D
:10217000656D20636C6F636B206F66202575206B27
:10218000487A2063616E6E6F7420626520657861A5
:1021900063746C792061636869657665640000002A
:1021A00041647269616E20566F7300000000000088
:1021B00043533830000000000A2A2A2A2050414E9A
:1021C0004943202A2A2A0A000A0000004E6F207381
:1021D00070696E6C6F636B732061726520617661EC
:1021E000696C61626C650000486172647761726558
:1021F00020616C61726D20256420616C7265616480
:102200007920636C61696D656400000048617264E7
:1022100020617373657274004F7574206F66206D52
:10222000656D6F727900000052656C6561736500C1
:10223000626F6F74325F7732357130383000000072
:10224000322E322E300000007069636F00000000F3
:10225000435338305F4475616C4F75747075745FAB
:102260004578706572696D656E74616C0000000080
:10227000417567203237203230323600556E686142
:102280006E646C65642049525120307825780A00CC
:10229000657020253032582077617320616C72653B
:1022A00061647920617661696C61626C650000002F
:1022B00043616E277420636F6E74696E7565207854
:1022C000666572206F6E20696E6163746976652041
:1022D0006570202530325800556E68616E646C65FB
:1022E00064206275666665722025640A000000003D
:1022F0004461746120536571204572726F72200AC7
:1023000000000000496E76616C6964207370656539
:10231000640A00004C4544004E6F20444D41206348
:1023200068616E6E656C73206172652061766169AB
:102330006C61626C6500000000000000000000009D
:10234000000000000000000000000000111F00203D
:102350000A0B0C0D0E0F000000000000280A000000
:102360000100000072080000AA050000C201000080
:10237000C4090000FC080000DC000000100E000092
:10238000DC050000920900005A0A00006C070000FA
:1023900050000000F8020000E40C0000B00400004F
:1023A000D6060000D40300000E060000E80300007B
:1023B00030020000CA080000314D59000000000042
:1023C000280A00000100000072080000AA050000B1
:1023D000C2010000C4090000FC080000DC0000008D
:1023E000100E0000DC050000920900005A0A0000EF
:1023F0006C07000050000000F8020000E40C000030
:10240000B0040000D6060000D40300000E06000051
:10241000E803000030020000CA080000314D5900F6
:10242000000000005203000000000000280A000025
:102430000100000072080000AA050000C2010000AF
:10244000C4090000FC080000DC000000100E0000C1
:10245000DC050000920900005A0A00006C07000029
:1024600050000000F8020000E40C0000B00400007E
:10247000D6060000D40300000E060000E8030000AA
:1024800030020000CA080000314D59000000000071
:102490005203000000000000280A000001000000B4
:1024A00072080000AA050000C2010000C409000073
:1024B000FC080000DC000000100E0000DC0500003D
:1024C000920900005A0A00006C070000500000004A
:1024D000F8020000E40C0000B0040000D606000082
:1024E000D40300000E060000E803000030020000E4
:1024F000CA080000314D59000000000052030000DE
:1025000000000000280A000001000000720800001E
:10251000AA050000C2010000C4090000FC08000078
:10252000DC000000100E0000DC0500009209000035
:102530005A0A00006C07000050000000F80200007A
:10254000E40C0000B0040000D6060000D403000034
:102550000E060000E803000030020000CA08000078
:10256000314D59000000000052030000000000003F
:10257000280A00000100000072080000AA050000FF
:10258000C2010000C4090000FC080000DC000000DB
:10259000100E0000DC050000920900005A0A00003D
:1025A0006C07000050000000F8020000E40C00007E
:1025B000B0040000D6060000D40300000E060000A0
:1025C000E803000030020000CA080000314D590045
:1025D0000000000052030000010002000800140087
:1025E0002700410065009100C80009015501AD01B7
:1025F00010027F02FC02850306000D002700550033
:102600009800F2006301EC018D0248031C040905E7
:10261000110634077108CA0900000100390F0100D2
:102620005A1F0100703001008A420100B8550100B4
:102630000A6A0100917F0100609601008AAE0100E4
:1026400023C8010043E30100000002000000C900AC
:102650008F0152020F03C50371041305A7052E064F
:10266000A6060D076307A707D807F507FF07F507B5
:10267000D807A70763070D07A6062E06A7051305AB
:102680007104C5030F0352028F01C900000037FF18
:1026900071FEAEFDF1FC3BFC8FFBEDFA59FAD2F96D
:1026A0005AF9F3F89DF859F828F80BF801F80BF8E7
:1026B00028F859F89DF8F3F85AF9D2F959FAEDFAD1
:1026C0008FFB3BFCF1FCAEFD71FE37FF09040000FF
:1026D00009026500020100803209040000000101C6
:1026E00000000924010001090001010904010002A0
:1026F000010300000724010001410006240201013A
:102700000006240202020009240301030102010061
:10271000092403020401010100090501024000002F
:1027200000000525010101090581024000000000AB
:102730000525010103000000120100020000004015
:10274000FECA80C5000101020301000006005250CC
:10275000D3F075423820012006005250E182887F74
:102760004020012006005250ABB36053502001209E
:1027700006005250BBFF3CB65820012006005250C4
:10278000861C030260200120060052505422A29DA4
:102790008020012005005250DE65F468C02F011032
:1027A0000D0A000030AA00209CAB0020EAAB0020FC
:1027B00074AB002086AB002064AB0020D4AA0020BC
:1027C00080AA002074AA0020C6AE0020ACAE002073
:1027D00090AC0020DAAE002090AC002094AE002037
:1027E00080AE002090AC00206CAE002048AE0020EF
:1027F00090AC00209EB1002090B1002084B1002058
:1028000090AC002090AC00206EB1002090B1002070
:1028100090AC002090AC002090AC002090AC002048
:1028200090AC002090AC002090AC00202CB1002097
:1028300078170120781701205A1701202618012047
:10284000281901203C19012050190120C01701202E
:102850000000000001B800205DB8002079B8002019
:10286000A5B80020FDB9002001BA0020000000003A
:102870000000000086DB002020DF002006DF0020B3
:102880000ADE00206EDD002098DB002096DD0020AF
:1028900060DE0020DADC0020BEDC00202ADB002025
:1028A000F4DB0020A8DC002080DC0020ECDF00202E
:1028B0001EDC00204EDB002034DC002022DD002066
:1028C00044DF0020A006000000000900090052506B
:1028D00000000002242101200800525012100200C2
:1028E00008000000010000000000040000000400D7
:1028F000DC240120B01F0120C01F0120C01F0120C7
:1029000000010000000100000100000000000000C4
:10291000FD7B00209D7C0020317E00202580002052
:10292000DD7C0020D17D00201000000000000000B0
:102930000000010000000000000000000000020094
:102940000000000000000000000003000000000084
:10295000000000000000FF000000000001B5486812
:1029600001318E460047704609380149884701BD4C
:102970002589002000000000000000000000000089
:10298000000000000000000050390120000000009D
:10299000503300004C330000543300005233000029
:1029A0004D5300004D4300005334000043340000F9
:1029B000E442012010000C000000000000000000B4
:1029C000000000000000000000000000FF00000008
:1029D000FF000000000000000000000000000000F8
:1029E0000000000000000000000000002045012061
:1029F00010000C00000000000000000000000000BB
:102A00000000000000000000004004400000000042
:102A1000FFFFFFFF000002000000000000000000B8
:102A200028280120282801203028012030280120D2
:102A30003828012038280120402801204028012082
:102A40004828012048280120502801205028012032
:102A500058280120582801206028012060280120E2
:102A60006828012068280120702801207028012092
:102A70007828012078280120802801208028012042
:102A800088280120882801209028012090280120F2
:102A90009828012098280120A0280120A0280120A2
:102AA000A8280120A8280120B0280120B028012052
:102AB000B8280120B8280120C0280120C028012002
:102AC000C8280120C8280120D0280120D0280120B2
:102AD000D8280120D8280120E0280120E028012062
:102AE000E8280120E8280120F0280120F028012012
:102AF000F8280120F82801200029012000290120C0
:102B0000082901200829012010290120102901206D
:102B1000182901201829012020290120202901201D
:102B200028290120282901203029012030290120CD
:102B3000382901203829012040290120402901207D
:102B4000482901204829012050290120502901202D
:102B500058290120582901206029012060290120DD
:102B6000682901206829012070290120702901208D
:102B7000782901207829012080290120802901203D
:102B800088290120882901209029012090290120ED
:102B90009829012098290120A0290120A02901209D
:102BA000A8290120A8290120B0290120B02901204D
:102BB000B8290120B8290120C0290120C0290120FD
:102BC000C8290120C8290120D0290120D0290120AD
:102BD000D8290120D8290120E0290120E02901205D
:102BE000E8290120E8290120F0290120F02901200D
:102BF000F8290120F8290120002A0120002A0120BB
:102C0000082A0120082A0120102A0120102A012068
:102C1000182A0120182A0120202A0120202A012018
:102C2000282A0120282A0120302A0120302A0120C8
:102C3000382A0120382A0120402A0120402A012078
:102C4000482A0120482A0120502A0120502A012028
:102C5000582A0120582A0120602A0120602A0120D8
:102C6000682A0120682A0120702A0120702A012088
:102C7000782A0120782A0120802A0120802A012038
:102C8000882A0120882A0120902A0120902A0120E8
:102C9000982A0120982A0120A02A0120A02A012098
:102CA000A82A0120A82A0120B02A0120B02A012048
:102CB000B82A0120B82A0120C02A0120C02A0120F8
:102CC000C82A0120C82A0120D02A0120D02A0120A8
:102CD000D82A0120D82A0120E02A0120E02A012058
:102CE000E82A0120E82A0120F02A0120F02A012008
:102CF000F82A0120F82A0120002B0120002B0120B6
:102D0000082B0120082B0120102B0120102B012063
:102D1000182B0120182B0120202B0120202B012013
:102D2000282B0120282B0120302B0120302B0120C3
:102D3000382B0120382B0120402B0120402B012073
:102D4000482B0120482B0120502B0120502B012023
:102D5000582B0120582B0120602B0120602B0120D3
:102D6000682B0120682B0120702B0120702B012083
:102D7000782B0120782B0120802B0120802B012033
:102D8000882B0120882B0120902B0120902B0120E3
:102D9000982B0120982B0120A02B0120A02B012093
:102DA000A82B0120A82B0120B02B0120B02B012043
:102DB000B82B0120B82B0120C02B0120C02B0120F3
:102DC000C82B0120C82B0120D02B0120D02B0120A3
:102DD000D82B0120D82B0120E02B0120E02B012053
:102DE000E82B0120E82B0120F02B0120F02B012003
:102DF000F82B0120F82B0120002C0120002C0120B1
:102E0000082C0120082C0120102C0120102C01205E
:102E1000182C0120182C0120202C0120202C01200E
:102E2000382C01200000000000000000383D012087
:102E3000A03D0120083E012000000000000000002D
:102E40000000000000000000000000000000000082
:102E50000000000000000000000000000000000072
:102E60000000000000000000000000000000000062
:102E70000000000000000000000000000000000052
:102E80000000000000000000000000000000000042
:102E90000000000000000000000000000000000032
:102EA0000000000000000000000000000000000022
:102EB0000000000000000000000000000000000012
:102EC00001000000000000000E33CDAB34126DE6AF
:102ED000ECDE05000B000000000000000000000018
:102EE00000000000000000000000000000000000E2
:102EF00000000000000000000000000000000000D2
:102F000000000000000000000000000000000000C1
:102F100000000000000000000000000000000000B1
:102F200000000000000000000000000000000000A1
:102F30000000000000000000000000000000000091
:102F40000000000000000000000000000000000081
:102F50000000000000000000000000000000000071
:102F60000000000000000000000000000000000061
:102F70000000000000000000C99A0020F59A00201F
:102F8000D99C00202DA10020859D0020E59F0020D8
:102F9000019C0020119B0020319B0020459B0020BC
:102FA000E98900204D9B0020A18D0020699A002016
:102FB000818400208DA40020ED000020057B0020EE
:04000005100001E9FD
:00000001FF
